record_id,city,country,date,population_millions,industrialization_index,forest_cover_percent,urbanization_rate_percent,gdp_per_capita_usd,renewable_energy_percent,vehicle_density_per_1000,green_space_area_km2,pm2_5,pm10,no2,so2,co,o3,aqi
AQI1758,Bangkok,Thailand,2024-01-08,10.37,60.3,30.7,87.9,8306.0,23.6,556.5,1.0,54.9,83.2,22.9,13.3,2.24,36.5,78.6
AQI1508,Mexico City,Mexico,2024-01-08,22.38,57.0,35.7,88.2,11525.0,14.1,424.1,3.1,56.5,89.6,33.8,13.1,2.16,24.7,84.1
AQI1207,Lahore,Pakistan,2024-01-07,11.05,73.1,13.5,85.4,1687.0,22.3,511.7,11.1,83.5,131.2,37.7,22.9,2.17,20.4,110.4
AQI2802,Ho Chi Minh City,Vietnam,2024-01-02,9.59,55.0,39.4,81.4,4512.0,12.7,422.8,24.8,49.7,69.8,19.3,13.7,1.68,40.6,71.3
AQI1620,New York,USA,2024-01-20,8.5,42.2,36.0,94.8,74047.0,58.9,335.3,35.6,34.2,52.7,24.4,3.8,1.67,40.1,57.0
AQI2201,Rome,Italy,2024-01-01,4.27,37.2,32.0,92.7,35529.0,47.6,322.5,25.5,29.3,42.4,31.9,8.4,1.62,46.6,43.0
AQI2048,London,UK,2024-02-17,9.16,34.9,30.7,95.0,49864.0,50.8,434.4,21.7,57.8,75.9,19.2,11.6,1.7,42.9,79.6
AQI1859,Istanbul,Turkey,2024-01-09,15.58,54.7,15.3,88.9,10428.0,22.0,432.0,1.0,74.2,113.5,25.4,11.9,2.33,42.2,103.0
AQI2468,Nairobi,Kenya,2024-01-18,4.3,40.1,6.0,77.8,2023.0,15.4,453.8,10.3,45.6,67.1,21.5,10.7,1.33,40.8,70.6
AQI2456,Nairobi,Kenya,2024-01-06,4.3,40.1,6.0,77.8,2023.0,15.4,453.8,10.3,56.1,89.5,18.9,14.3,1.38,34.9,84.1
AQI2635,Santiago,Chile,2024-02-04,6.58,44.2,13.9,88.4,16282.0,29.7,374.4,1.0,41.0,74.9,25.3,13.3,1.47,44.1,70.7
AQI2733,Tehran,Iran,2024-02-02,8.82,59.2,3.4,82.5,4984.0,11.8,391.7,6.0,53.5,86.2,33.7,14.5,1.8,20.8,87.8
AQI2626,Santiago,Chile,2024-01-26,6.58,44.2,13.9,88.4,16282.0,29.7,374.4,1.0,57.5,94.3,22.6,15.6,0.81,43.0,84.4
AQI1736,Moscow,Russia,2024-02-05,12.52,51.6,49.7,92.2,14053.0,36.7,426.8,24.6,36.3,64.6,24.7,7.2,2.23,45.5,73.3
AQI2921,  Stockholm  ,Sweden,2024-01-21,1.81,26.2,69.9,97.7,60164.0,51.8,336.6,37.6,5.7,9.7,14.0,1.0,1.72,14.6,20.1
AQI2448,hong kong,China,2024-02-17,7.57,46.2,47.6,99.6,46494.0,47.0,437.9,37.1,33.3,54.8,18.2,6.3,2.07,22.7,55.1
AQI1340,Jakarta,Indonesia,2024-02-09,10.45,57.5,49.8,89.5,4903.0,18.6,401.2,15.7,45.3,75.9,24.0,13.8,2.01,34.8,68.2
AQI2016,London,UK,2024-01-16,9.16,34.9,30.7,95.0,49864.0,50.8,434.4,21.7,35.0,64.6,16.6,3.2,1.64,34.6,58.0
AQI2688,Riyadh,Saudi Arabia,2024-02-07,7.97,67.1,3.6,84.6,23083.0,32.3,440.6,1.0,76.6,117.7,32.5,15.9,2.77,47.4,113.2
AQI1173,Shanghai,China,2024-01-23,24.43,69.3,25.9,90.4,25603.0,34.8,461.9,5.5,81.4,126.9,40.1,22.6,2.44,34.1,114.7
AQI2715,Tehran,Iran,2024-01-15,8.82,59.2,3.4,82.5,4984.0,11.8,391.7,6.0,69.3,103.7,39.6,15.6,2.25,47.2,100.9
AQI1263,Dhaka,Bangladesh,2024-01-13,20.95,68.2,20.6,89.0,2717.0,9.6,480.2,1.0,59.2,91.2,36.1,19.8,2.29,41.1,87.8
AQI2076,Paris,France,2024-01-26,11.3,34.0,21.1,93.6,47249.0,52.6,349.0,10.9,32.6,48.2,24.3,4.2,1.4,52.6,51.0
AQI2761,Kuala Lumpur,Malaysia,2024-01-11,8.48,52.2,55.3,93.6,11160.0,13.1,473.7,27.7,22.3,37.6,28.4,17.2,1.62,47.3,44.3
AQI2521,Johannesburg,South Africa,2024-01-21,5.55,46.2,6.9,81.4,6932.0,19.9,394.8,1.0,67.9,112.5,24.0,13.9,1.76,44.2,94.7
AQI1003,Delhi,India,2024-01-03,20.19,77.8,33.4,94.3,2582.0,11.2,593.5,14.9,67.7,99.8,38.4,21.4,2.6,38.7,97.8
AQI1675,Sao Paulo,Brazil,2024-01-25,21.91,48.2,42.3,90.6,12592.0,19.1,482.3,11.2,55.8,82.1,31.4,13.3,1.57,34.6,78.2
AQI2903,Stockholm,Sweden,2024-01-03,1.81,26.2,69.9,97.7,60164.0,51.8,336.6,37.6,3.4,13.8,16.4,1.0,0.99,11.7,19.0
AQI1501,Mexico City,Mexico,2024-01-01,22.38,57.0,35.7,88.2,11525.0,14.1,424.1,3.1,61.9,96.6,36.9,16.4,2.9,19.8,100.0
AQI1471,Lagos,Nigeria,2024-01-21,14.99,59.0,26.1,84.5,3314.0,23.4,475.8,8.3,59.1,87.3,38.6,20.7,1.78,25.8,86.1
AQI1717,Moscow,Russia,2024-01-17,12.52,51.6,49.7,92.2,14053.0,36.7,426.8,24.6,43.2,71.9,19.5,11.3,2.16,39.8,63.3
AQI2187,Madrid,Spain,2024-02-06,6.87,37.2,33.1,92.5,33551.0,34.2,385.5,21.4,32.2,55.9,22.8,11.4,1.05,45.7,64.3
AQI1218,Lahore,Pakistan,2024-01-18,11.05,73.1,13.5,85.4,1687.0,22.3,511.7,11.1,70.6,112.9,32.8,12.9,2.86,45.3,102.8
AQI1780,Bangkok,Thailand,2024-01-30,10.37,60.3,30.7,87.9,8306.0,23.6,556.5,1.0,68.1,118.8,33.7,18.9,2.21,29.0,87.5
AQI1718,Moscow,Russia,2024-01-18,12.52,51.6,49.7,92.2,14053.0,36.7,426.8,24.6,35.0,52.5,30.1,14.3,1.89,41.6,58.8
AQI2676,Riyadh,Saudi Arabia,2024-01-26,7.97,67.1,3.6,84.6,23083.0,32.3,440.6,1.0,79.6,126.8,28.1,21.8,1.74,36.2,110.8
AQI2310,Sydney,Australia,2024-01-10,5.88,29.5,47.0,94.6,56779.0,56.6,330.3,19.9,23.2,37.1,11.0,1.0,1.01,25.7,36.4
AQI2413,Hong Kong,China,2024-01-13,7.57,46.2,47.6,99.6,46494.0,47.0,437.9,37.1,38.4,64.1,20.6,5.8,2.63,28.0,64.7
AQI2086,Paris,France,2024-02-05,11.3,34.0,21.1,93.6,47249.0,52.6,349.0,10.9,41.2,64.3,21.6,9.0,1.67,47.2,57.5
AQI1329,Jakarta,Indonesia,2024-01-29,10.45,57.5,49.8,89.5,4903.0,18.6,401.2,15.7,51.8,74.7,35.2,14.6,1.95,34.0,69.1
AQI2843,Ho Chi Minh City,Vietnam,2024-02-12,9.59,55.0,39.4,81.4,4512.0,12.7,422.8,24.8,46.1,69.1,25.6,8.5,1.74,,73.8
AQI1359,Karachi,Pakistan,2024-01-09,15.59,72.9,19.0,88.0,1826.0,16.1,522.7,3.1,70.0,103.4,36.0,20.0,3.44,26.0,112.0
AQI1420,Cairo,Egypt,2024-01-20,20.65,62.5,7.3,82.7,4267.0,23.4,427.6,2.1,61.0,100.5,25.7,20.5,2.17,38.0,97.2
AQI2666,Riyadh,Saudi Arabia,2024-01-16,7.97,67.1,3.6,84.6,23083.0,32.3,440.6,1.0,72.6,112.5,28.7,16.8,2.96,35.5,109.9
AQI2105,Berlin,Germany,2024-01-05,3.43,38.5,31.6,95.6,49941.0,49.6,423.3,25.5,33.3,56.5,18.6,7.5,1.57,30.7,48.4
AQI1896,Istanbul,Turkey,2024-02-15,15.58,54.7,15.3,88.9,10428.0,22.0,432.0,1.0,68.6,112.4,28.8,9.1,2.21,41.4,95.0
AQI1956,Seoul,South Korea,2024-01-06,9.44,53.5,23.2,93.8,33071.0,41.4,409.7,5.8,53.4,85.9,29.8,20.4,1.69,25.3,76.0
AQI2241,Rome,Italy,2024-02-10,4.27,37.2,32.0,92.7,35529.0,47.6,322.5,25.5,20.3,30.2,23.9,6.0,1.95,39.5,40.1
AQI1464,Lagos,Nigeria,2024-01-14,14.99,59.0,26.1,84.5,3314.0,23.4,475.8,8.3,50.9,72.1,32.7,18.5,2.42,36.1,75.5
AQI1109,Beijing,China,2024-01-09,21.39,82.2,22.0,88.9,17964.0,12.3,481.5,12.6,76.7,114.6,43.9,24.8,2.99,47.5,119.2
AQI2226,Rome,Italy,2024-01-26,4.27,37.2,32.0,92.7,35529.0,47.6,322.5,25.5,24.8,37.6,24.7,10.6,1.38,27.8,46.9
AQI1644,New York,USA,2024-02-13,8.5,42.2,36.0,94.8,74047.0,58.9,335.3,35.6,37.3,57.6,24.4,10.0,1.35,35.3,46.9
AQI1702,Moscow,Russia,2024-01-02,12.52,51.6,49.7,92.2,14053.0,36.7,426.8,24.6,34.2,62.4,27.5,7.5,2.39,39.9,61.6
AQI2823,Ho Chi Minh City,Vietnam,2024-01-23,9.59,55.0,39.4,81.4,,12.7,422.8,24.8,51.9,92.6,29.4,20.4,1.77,33.9,78.6
AQI1557,Los Angeles,USA,2024-01-07,4.01,46.8,42.7,95.8,66782.0,47.0,384.8,40.7,50.1,75.5,14.9,8.2,1.15,41.1,58.4
AQI1128,Beijing,CHINA,2024-01-28,21.39,82.2,22.0,88.9,17964.0,12.3,481.5,12.6,93.5,149.0,43.4,24.8,2.88,32.2,135.6
AQI1397,  Karachi  ,Pakistan,2024-02-16,15.59,72.9,19.0,88.0,1826.0,16.1,522.7,3.1,94.6,161.2,48.6,19.6,2.75,22.0,144.4
AQI1913,Tokyo,Japan,2024-01-13,37.17,38.7,66.7,94.3,39161.0,45.6,363.2,28.7,22.1,39.6,23.9,2.9,1.96,5.0,30.4
AQI1729,Moscow,Russia,2024-01-29,12.52,51.6,49.7,92.2,14053.0,36.7,426.8,24.6,44.2,67.7,24.9,7.6,2.55,32.7,67.1
AQI1661,Sao Paulo,Brazil,2024-01-11,21.91,48.2,42.3,90.6,12592.0,19.1,482.3,11.2,37.9,63.5,30.0,14.3,1.91,34.0,55.5
AQI2923,Stockholm,Sweden,2024-01-23,1.81,26.2,69.9,97.7,60164.0,51.8,336.6,37.6,3.0,5.0,9.6,2.1,1.31,9.7,10.1
AQI2740,Tehran,Iran,2024-02-09,8.82,59.2,3.4,82.5,4984.0,11.8,391.7,6.0,69.0,107.8,26.8,19.6,1.96,21.6,97.2
AQI2003,London,UK,2024-01-03,9.16,34.9,30.7,95.0,49864.0,50.8,434.4,21.7,40.7,59.6,20.4,8.5,1.04,56.6,58.0
AQI1730,Moscow,RUSSIA,2024-01-30,12.52,51.6,49.7,92.2,14053.0,36.7,426.8,24.6,,73.0,22.1,9.9,2.14,38.5,64.3
AQI2074,  Paris  ,France,2024-01-24,11.3,34.0,21.1,93.6,47249.0,52.6,349.0,10.9,45.5,71.4,18.4,7.7,1.31,51.8,65.0
AQI1667,Sao Paulo,Brazil,2024-01-17,21.91,48.2,42.3,90.6,12592.0,19.1,482.3,11.2,28.8,50.8,28.4,15.0,1.82,5.0,51.2
AQI2322,Sydney,Australia,2024-01-22,5.88,29.5,47.0,94.6,56779.0,56.6,330.3,19.9,25.1,43.4,10.0,8.0,0.75,26.1,37.1
AQI2335,Sydney,Australia,2024-02-04,5.88,29.5,47.0,94.6,56779.0,56.6,330.3,19.9,20.6,45.1,8.9,5.9,1.14,29.6,33.2
AQI2585,Buenos Aires,Argentina,2024-02-04,15.51,40.7,16.2,89.5,10293.0,24.9,419.3,1.0,56.2,87.1,22.2,14.2,2.22,40.1,75.6
AQI2165,Madrid,Spain,2024-01-15,6.87,37.2,33.1,92.5,33551.0,34.2,385.5,21.4,37.8,60.4,33.0,3.8,0.99,38.4,55.9
AQI2897,Warsaw,Poland,2024-02-16,2.19,46.7,18.0,87.6,18206.0,28.6,369.0,11.4,67.5,111.0,13.6,7.9,1.71,28.0,76.3
AQI1658,Sao Paulo,Brazil,2024-01-08,21.91,48.2,42.3,90.6,12592.0,19.1,482.3,11.2,50.5,83.2,30.3,11.6,2.14,57.5,84.6
AQI2481,Nairobi,Kenya,2024-01-31,4.3,40.1,6.0,77.8,2023.0,15.4,453.8,10.3,66.7,102.8,17.2,,1.81,20.6,91.9
AQI1886,Istanbul,Turkey,2024-02-05,15.58,54.7,,88.9,10428.0,22.0,432.0,1.0,64.9,98.3,28.7,14.1,2.06,38.0,93.2
AQI2938,Stockholm,Sweden,2024-02-07,1.81,26.2,69.9,97.7,60164.0,51.8,336.6,37.6,11.1,26.6,13.2,2.2,1.14,6.4,22.1
AQI1998,Seoul,South Korea,2024-02-17,9.44,53.5,23.2,93.8,33071.0,41.4,409.7,5.8,68.5,90.2,29.4,12.9,1.48,39.6,95.0
AQI2021,London,UK,2024-01-21,9.16,34.9,30.7,95.0,49864.0,50.8,434.4,21.7,29.1,40.7,17.9,4.1,1.73,15.9,38.7
AQI2308,Sydney,Australia,2024-01-08,5.88,29.5,47.0,94.6,56779.0,56.6,330.3,19.9,9.8,13.7,23.0,6.6,1.42,17.9,22.8
AQI2034,London,UK,2024-02-03,9.16,34.9,30.7,95.0,49864.0,50.8,434.4,21.7,50.2,76.5,23.0,6.1,1.6,27.7,79.4
AQI2387,Singapore,Singapore,2024-02-06,5.42,54.4,23.4,100.0,72404.0,66.4,373.3,13.3,44.8,70.4,30.0,13.5,1.68,28.0,71.7
AQI1111,Beijing,China,2024-01-11,21.39,82.2,22.0,88.9,17964.0,12.3,481.5,12.6,67.2,113.8,41.8,25.0,2.83,37.0,109.6
AQI1769,Bangkok,Thailand,2024-01-19,10.37,60.3,30.7,87.9,8306.0,23.6,556.5,1.0,53.7,90.9,26.5,7.8,2.35,34.0,81.3
AQI1242,Lahore,Pakistan,2024-02-11,11.05,73.1,13.5,85.4,1687.0,22.3,511.7,11.1,85.4,138.8,45.8,19.5,2.49,37.8,122.8
AQI2369,Singapore,Singapore,2024-01-19,5.42,54.4,23.4,100.0,72404.0,66.4,373.3,13.3,55.9,92.4,38.1,8.8,2.14,23.4,85.1
AQI2257,Toronto,Canada,2024-01-07,2.62,28.2,28.8,91.2,50568.0,59.3,277.0,22.5,,59.8,17.1,1.0,1.1,24.1,48.1
AQI1472,Lagos,Nigeria,2024-01-22,14.99,59.0,26.1,84.5,3314.0,23.4,475.8,8.3,52.2,86.5,27.7,21.7,2.64,38.2,87.6
AQI1197,Shanghai,China,2024-02-16,24.43,69.3,25.9,90.4,25603.0,34.8,461.9,5.5,81.3,125.5,30.1,22.2,2.46,33.6,121.5
AQI2861,Warsaw,Poland,2024-01-11,2.19,46.7,18.0,87.6,18206.0,28.6,369.0,11.4,52.4,93.0,11.0,15.5,1.71,41.6,72.1
AQI1639,New York,USA,2024-02-08,8.5,42.2,36.0,94.8,74047.0,58.9,335.3,35.6,34.0,52.6,26.0,6.2,1.37,32.4,46.9
AQI1579,Los Angeles,USA,2024-01-29,4.01,46.8,42.7,95.8,66782.0,47.0,384.8,40.7,40.8,67.2,15.8,1.7,1.86,32.7,57.3
AQI1654,Sao Paulo,Brazil,2024-01-04,21.91,48.2,42.3,90.6,12592.0,19.1,482.3,11.2,39.4,56.8,31.8,9.0,1.86,19.2,58.4
AQI2895,WARSAW,Poland,2024-02-14,2.19,46.7,18.0,87.6,18206.0,28.6,369.0,11.4,38.7,59.7,19.4,9.7,1.87,28.7,55.7
AQI1954,Seoul,South Korea,2024-01-04,9.44,53.5,23.2,93.8,33071.0,41.4,409.7,5.8,43.4,62.6,27.9,14.0,1.63,45.8,57.5
AQI2414,Hong Kong,China,2024-01-14,7.57,46.2,47.6,99.6,46494.0,47.0,437.9,37.1,22.1,33.7,23.7,10.6,1.06,34.5,32.5
AQI2095,Paris,France,2024-02-14,11.3,34.0,21.1,93.6,47249.0,52.6,349.0,10.9,45.8,68.3,22.9,6.3,1.41,33.2,65.1
AQI1591,Los Angeles,USA,2024-02-10,4.01,46.8,42.7,95.8,66782.0,47.0,384.8,40.7,54.2,89.2,24.8,9.6,1.28,47.2,75.0
AQI1595,  Los Angeles  ,USA,2024-02-14,4.01,46.8,42.7,95.8,66782.0,47.0,384.8,40.7,41.5,72.7,19.2,13.8,1.72,24.7,68.5
AQI2645,Santiago,Chile,2024-02-14,6.58,44.2,13.9,88.4,16282.0,29.7,374.4,1.0,60.5,99.6,29.3,9.1,1.27,37.2,84.1
AQI1299,Dhaka,Bangladesh,2024-02-18,20.95,68.2,20.6,89.0,2717.0,9.6,480.2,1.0,75.0,116.5,36.8,23.6,2.16,22.2,108.7
AQI1038,Delhi,India,2024-02-07,20.19,77.8,33.4,94.3,2582.0,11.2,593.5,14.9,65.1,101.5,41.7,25.4,2.51,46.6,100.5
AQI2890,Warsaw,Poland,2024-02-09,2.19,46.7,18.0,87.6,18206.0,28.6,369.0,11.4,58.1,103.6,25.7,13.6,1.96,54.4,93.7
AQI1378,Karachi,Pakistan,2024-01-28,15.59,72.9,19.0,88.0,1826.0,16.1,522.7,3.1,83.2,134.5,42.7,20.5,2.67,33.6,129.2
AQI2432,Hong Kong,China,2024-02-01,7.57,46.2,47.6,99.6,46494.0,47.0,437.9,37.1,37.4,56.5,29.4,10.7,1.65,33.4,52.2
AQI2189,Madrid,Spain,2024-02-08,6.87,37.2,33.1,92.5,33551.0,34.2,385.5,21.4,35.5,60.4,20.1,9.5,1.65,39.8,54.0
AQI1141,Beijing,China,2024-02-10,21.39,82.2,22.0,88.9,17964.0,12.3,481.5,12.6,89.9,146.2,46.5,24.9,3.14,31.3,139.0
AQI1059,Mumbai,India,2024-01-09,12.56,63.8,21.6,97.3,3190.0,17.5,511.8,4.8,60.1,102.0,36.4,21.3,2.13,43.6,98.1
AQI2503,Johannesburg,South Africa,2024-01-03,5.55,46.2,6.9,81.4,6932.0,19.9,394.8,1.0,50.8,90.9,31.3,15.3,0.86,,81.0
AQI2449,Hong Kong,China,2024-02-18,7.57,46.2,47.6,99.6,46494.0,47.0,437.9,37.1,28.3,55.9,20.5,8.5,1.98,27.2,-49.8
AQI2427,Hong Kong,China,2024-01-27,7.57,46.2,47.6,99.6,46494.0,47.0,437.9,37.1,21.4,28.5,28.9,1.0,2.23,38.1,46.7
AQI2091,Paris,France,2024-02-10,11.3,34.0,21.1,93.6,47249.0,52.6,349.0,10.9,47.0,85.5,27.5,1.0,1.66,35.1,71.4
AQI1439,Cairo,Egypt,2024-02-08,20.65,62.5,7.3,82.7,4267.0,23.4,427.6,2.1,80.3,126.8,37.7,10.8,2.28,32.9,115.5
AQI2117,Berlin,Germany,2024-01-17,3.43,38.5,31.6,95.6,49941.0,49.6,423.3,25.5,39.3,57.9,28.6,13.7,1.64,30.2,60.2
AQI2331,Sydney,Australia,2024-01-31,5.88,29.5,47.0,94.6,56779.0,56.6,330.3,19.9,14.3,25.5,17.2,3.2,1.55,45.3,21.7
AQI1863,Istanbul,Turkey,2024-01-13,15.58,54.7,15.3,88.9,10428.0,22.0,432.0,1.0,72.8,121.7,34.1,13.6,1.59,57.2,104.5
AQI1035,delhi,India,2024-02-04,20.19,77.8,33.4,94.3,2582.0,11.2,593.5,14.9,72.0,111.3,49.9,22.3,2.57,44.2,120.3
AQI1603,New York,USA,2024-01-03,8.5,42.2,36.0,94.8,74047.0,58.9,335.3,35.6,35.2,54.3,21.8,7.6,1.97,23.8,51.0
AQI1493,Lagos,Nigeria,2024-02-12,14.99,59.0,26.1,84.5,3314.0,23.4,475.8,8.3,59.5,88.1,30.4,21.4,1.73,25.6,93.6
AQI2564,Buenos Aires,Argentina,2024-01-14,15.51,40.7,16.2,89.5,10293.0,24.9,419.3,1.0,65.5,107.7,23.4,12.9,1.37,30.9,90.3
AQI2099,Paris,France,2024-02-18,11.3,34.0,21.1,93.6,47249.0,52.6,349.0,10.9,33.1,49.2,17.1,,1.75,44.9,45.1
AQI1518,Mexico City,Mexico,2024-01-18,22.38,57.0,35.7,88.2,11525.0,14.1,424.1,3.1,66.5,108.9,31.7,10.3,1.82,37.5,84.6
AQI2170,Madrid,Spain,2024-01-20,6.87,37.2,33.1,92.5,33551.0,34.2,385.5,21.4,36.2,49.7,15.5,10.2,1.65,36.1,55.1
AQI1260,Dhaka,Bangladesh,2024-01-10,20.95,68.2,20.6,89.0,2717.0,9.6,480.2,1.0,74.8,124.4,27.5,22.9,2.03,47.2,113.6
AQI2135,Berlin,Germany,2024-02-04,3.43,38.5,31.6,95.6,49941.0,49.6,423.3,25.5,42.5,67.8,18.6,10.1,1.91,25.8,62.4
AQI2495,Nairobi,Kenya,2024-02-14,4.3,40.1,6.0,77.8,2023.0,15.4,453.8,10.3,63.9,89.7,18.7,12.8,1.63,51.8,90.2
AQI1689,Sao Paulo,Brazil,2024-02-08,21.91,48.2,42.3,90.6,12592.0,19.1,482.3,11.2,40.8,64.4,34.0,4.8,,44.9,64.9
AQI2171,Madrid,Spain,2024-01-21,6.87,37.2,33.1,92.5,33551.0,34.2,385.5,21.4,38.7,69.4,20.7,3.4,2.07,38.7,57.9
AQI2996,Wellington,New Zealand,2024-02-15,0.45,20.1,31.4,86.7,48404.0,57.2,253.7,18.9,7.6,15.6,12.0,1.0,1.3,21.4,14.8
AQI2711,Tehran,Iran,2024-01-11,8.82,59.2,3.4,82.5,4984.0,11.8,391.7,6.0,73.5,109.8,41.2,19.6,1.55,32.4,108.4
AQI1411,CAIRO,Egypt,2024-01-11,20.65,62.5,7.3,82.7,4267.0,23.4,427.6,2.1,74.3,117.8,35.0,13.8,2.34,9.0,104.2
AQI2023,London,UK,2024-01-23,9.16,34.9,30.7,95.0,49864.0,50.8,434.4,21.7,34.1,56.1,22.5,8.5,2.01,39.5,48.7
AQI1008,Delhi,India,2024-01-08,20.19,77.8,33.4,94.3,2582.0,11.2,593.5,14.9,66.1,107.8,46.0,19.7,2.89,23.9,96.3
AQI2152,Madrid,Spain,2024-01-02,6.87,37.2,33.1,92.5,33551.0,34.2,385.5,21.4,40.6,62.4,14.8,2.2,1.28,36.2,64.1
AQI1700,Sao Paulo,Brazil,2024-02-19,21.91,48.2,42.3,90.6,12592.0,19.1,482.3,11.2,42.5,74.3,30.9,,2.11,49.6,72.8
AQI2125,Berlin,Germany,2024-01-25,3.43,38.5,31.6,95.6,49941.0,49.6,423.3,25.5,34.4,52.1,17.6,8.9,1.67,32.4,53.5
AQI1354,Karachi,Pakistan,2024-01-04,15.59,72.9,19.0,88.0,1826.0,16.1,522.7,3.1,65.9,111.3,42.1,16.4,2.68,30.0,94.7
AQI1021,Delhi,India,2024-01-21,20.19,77.8,33.4,94.3,2582.0,11.2,593.5,14.9,76.4,124.0,42.3,22.1,2.74,37.3,115.7
AQI2042,London,UK,2024-02-11,9.16,34.9,30.7,95.0,49864.0,50.8,434.4,21.7,31.8,45.4,23.9,4.5,1.25,29.3,48.0
AQI2343,Sydney,Australia,2024-02-12,5.88,29.5,47.0,94.6,56779.0,56.6,330.3,19.9,25.7,44.9,13.8,1.0,1.18,37.0,45.1
AQI2050,London,UK,2024-02-19,9.16,34.9,30.7,95.0,49864.0,50.8,434.4,21.7,60.3,97.7,17.8,2.9,1.8,53.2,83.0
AQI1205,Lahore,Pakistan,2024-01-05,11.05,73.1,13.5,85.4,1687.0,22.3,511.7,11.1,59.5,97.9,42.6,18.3,2.56,38.1,89.5
AQI2731,Tehran,Iran,2024-01-31,8.82,59.2,3.4,82.5,4984.0,11.8,391.7,6.0,81.0,142.9,36.0,14.7,1.85,37.9,125.0
AQI2718,Tehran,Iran,2024-01-18,8.82,59.2,3.4,82.5,4984.0,11.8,391.7,6.0,73.1,118.3,29.0,20.9,2.18,31.1,101.5
AQI2589,Buenos Aires,Argentina,2024-02-08,15.51,40.7,16.2,89.5,10293.0,24.9,419.3,1.0,57.9,91.0,18.0,5.1,1.81,47.3,83.9
AQI2719,Tehran,Iran,2024-01-19,8.82,59.2,3.4,82.5,4984.0,11.8,391.7,6.0,73.7,124.1,32.1,22.7,2.55,43.9,105.2
AQI1526,Mexico City,Mexico,2024-01-26,22.38,57.0,35.7,88.2,11525.0,14.1,424.1,3.1,63.9,103.7,31.6,11.7,2.6,41.3,92.3
AQI2893,Warsaw,Poland,2024-02-12,2.19,46.7,18.0,87.6,18206.0,28.6,369.0,11.4,,117.2,26.8,12.2,1.54,44.9,91.5
AQI2557,Buenos Aires,Argentina,2024-01-07,15.51,40.7,16.2,89.5,10293.0,24.9,419.3,1.0,39.6,68.8,23.2,8.9,1.44,12.8,54.3
AQI2216,Rome,Italy,2024-01-16,4.27,37.2,32.0,92.7,35529.0,47.6,322.5,25.5,39.8,64.9,21.0,11.4,1.17,34.1,57.1
AQI1821,manila,Philippines,2024-01-21,13.86,58.9,24.1,87.1,4432.0,15.6,432.2,6.4,47.4,78.1,26.6,16.7,1.46,50.3,75.9
AQI2885,Warsaw,Poland,2024-02-04,2.19,46.7,18.0,87.6,18206.0,28.6,369.0,11.4,50.5,80.3,24.2,12.5,1.27,50.2,74.3
AQI2267,Toronto,Canada,2024-01-17,2.62,28.2,28.8,91.2,50568.0,59.3,277.0,22.5,35.7,54.0,6.6,8.5,1.76,51.1,51.3
AQI1186,Shanghai,China,2024-02-05,,69.3,25.9,90.4,25603.0,34.8,461.9,5.5,69.9,104.5,40.2,22.3,2.92,34.0,112.4
AQI1453,Lagos,Nigeria,2024-01-03,14.99,59.0,26.1,84.5,3314.0,23.4,475.8,8.3,54.1,91.2,33.6,13.0,2.35,17.5,85.7
AQI2505,Johannesburg,South Africa,2024-01-05,5.55,46.2,6.9,81.4,6932.0,19.9,394.8,1.0,41.3,64.2,25.5,12.8,1.4,22.7,58.1
AQI1528,Mexico City,Mexico,2024-01-28,22.38,57.0,35.7,88.2,11525.0,14.1,424.1,3.1,47.9,64.2,31.1,14.2,2.11,24.2,65.7
AQI1230,Lahore,Pakistan,2024-01-30,11.05,73.1,13.5,85.4,1687.0,22.3,511.7,11.1,79.7,121.1,38.7,19.6,2.89,49.9,129.5
AQI1480,Lagos,Nigeria,2024-01-30,14.99,59.0,26.1,84.5,3314.0,23.4,475.8,8.3,60.8,111.0,35.8,17.0,1.9,23.2,93.7
AQI2370,Singapore,Singapore,2024-01-20,5.42,54.4,23.4,100.0,72404.0,66.4,373.3,13.3,56.4,77.8,25.6,10.1,1.68,40.3,84.7
AQI1364,Karachi,Pakistan,2024-01-14,15.59,72.9,19.0,88.0,1826.0,16.1,522.7,3.1,69.7,107.9,26.5,22.8,3.04,43.7,97.6
AQI2811,Ho Chi Minh City,Vietnam,2024-01-11,9.59,55.0,39.4,81.4,4512.0,12.7,422.8,24.8,51.3,76.9,29.5,14.6,1.99,42.4,76.1
AQI1342,Jakarta,Indonesia,2024-02-11,10.45,57.5,49.8,89.5,4903.0,18.6,401.2,15.7,53.8,83.0,30.4,14.7,1.99,24.7,76.3
AQI2750,Tehran,IRAN,2024-02-19,8.82,59.2,3.4,82.5,4984.0,11.8,391.7,6.0,70.8,108.6,32.6,13.8,2.46,47.0,102.6
AQI1052,Mumbai,India,2024-01-02,,63.8,21.6,97.3,3190.0,17.5,511.8,4.8,68.0,121.7,29.3,19.8,2.48,58.7,99.4
AQI1037,Delhi,India,2024-02-06,20.19,77.8,33.4,94.3,2582.0,11.2,593.5,14.9,68.9,109.8,24.9,18.0,2.87,22.5,108.0
AQI1375,Karachi,Pakistan,2024-01-25,15.59,72.9,19.0,88.0,1826.0,16.1,522.7,3.1,71.5,118.9,39.2,21.1,2.8,21.8,111.1
AQI2277,Toronto,Canada,2024-01-27,2.62,28.2,28.8,91.2,50568.0,59.3,277.0,22.5,29.4,46.0,15.8,2.9,1.02,18.6,41.4
AQI2063,Paris,France,2024-01-13,11.3,34.0,21.1,93.6,47249.0,52.6,349.0,10.9,41.4,44.1,15.3,5.3,1.94,26.0,57.4
AQI1870,Istanbul,Turkey,2024-01-20,15.58,54.7,15.3,88.9,10428.0,22.0,432.0,1.0,64.9,108.8,26.1,15.4,2.0,35.9,81.6
AQI2275,Toronto,Canada,2024-01-25,2.62,28.2,28.8,91.2,50568.0,59.3,277.0,22.5,33.8,49.1,17.4,7.0,1.51,55.8,53.2
AQI2644,Santiago,Chile,2024-02-13,6.58,44.2,13.9,88.4,16282.0,29.7,374.4,1.0,61.5,97.3,17.6,11.1,1.37,18.7,86.9
AQI2122,Berlin,Germany,2024-01-22,3.43,38.5,31.6,95.6,49941.0,49.6,423.3,25.5,49.4,87.5,24.2,6.5,2.25,19.7,67.3
AQI1745,Moscow,Russia,2024-02-14,12.52,51.6,49.7,92.2,14053.0,36.7,426.8,24.6,47.8,66.0,24.7,10.4,2.09,44.5,66.9
AQI2853,WARSAW,Poland,2024-01-03,2.19,46.7,18.0,87.6,18206.0,28.6,369.0,11.4,44.8,71.8,20.5,11.1,2.1,38.2,68.7
AQI2314,Sydney,Australia,2024-01-14,5.88,29.5,47.0,94.6,56779.0,56.6,330.3,19.9,18.9,27.9,23.1,3.6,1.04,38.5,31.2
AQI1856,Istanbul,Turkey,2024-01-06,15.58,54.7,15.3,88.9,10428.0,22.0,432.0,1.0,46.7,76.6,26.6,20.1,2.12,29.7,67.4
AQI1957,Seoul,South Korea,2024-01-07,9.44,53.5,23.2,93.8,33071.0,41.4,409.7,5.8,50.3,70.2,27.5,17.9,2.03,33.6,71.8
AQI1621,New York,USA,2024-01-21,8.5,42.2,36.0,94.8,74047.0,58.9,335.3,35.6,21.0,29.1,17.5,8.2,1.74,49.6,35.3
AQI2492,Nairobi,Kenya,2024-02-11,4.3,40.1,6.0,77.8,2023.0,15.4,453.8,10.3,60.6,93.8,25.5,8.5,1.78,37.3,89.5
AQI2169,Madrid,Spain,2024-01-19,6.87,37.2,33.1,92.5,33551.0,34.2,385.5,21.4,50.7,82.5,18.2,5.0,1.66,10.6,69.6
AQI2632,Santiago,Chile,2024-02-01,6.58,44.2,13.9,88.4,16282.0,29.7,374.4,1.0,51.5,94.1,23.1,14.6,1.85,49.1,65.0
AQI1147,Beijing,China,2024-02-16,21.39,82.2,22.0,88.9,17964.0,12.3,481.5,12.6,90.9,136.0,49.4,27.1,2.63,40.7,134.0
AQI1427,Cairo,Egypt,2024-01-27,20.65,62.5,7.3,82.7,4267.0,23.4,427.6,2.1,87.4,134.8,30.6,17.8,1.95,34.9,121.4
AQI2649,Santiago,Chile,2024-02-18,6.58,44.2,13.9,88.4,16282.0,29.7,374.4,1.0,56.5,90.5,20.2,9.8,1.72,32.3,72.7
AQI1285,Dhaka,Bangladesh,2024-02-04,20.95,68.2,20.6,89.0,2717.0,9.6,480.2,1.0,78.0,121.7,36.1,13.6,2.33,32.8,108.0
AQI1830,Manila,Philippines,2024-01-30,13.86,58.9,24.1,87.1,4432.0,15.6,432.2,6.4,80.1,120.3,34.5,15.7,1.72,41.3,115.1
AQI1705,Moscow,Russia,2024-01-05,12.52,51.6,49.7,92.2,14053.0,36.7,426.8,24.6,47.1,74.3,31.1,12.2,2.11,29.8,66.6
AQI2944,Stockholm,Sweden,2024-02-13,1.81,26.2,69.9,97.7,60164.0,51.8,336.6,37.6,3.0,5.4,12.2,1.0,0.78,37.3,21.4
AQI2814,Ho Chi Minh City,Vietnam,2024-01-14,9.59,55.0,39.4,81.4,4512.0,12.7,422.8,24.8,36.3,55.3,30.4,13.2,1.87,47.1,48.5
AQI1398,Karachi,Pakistan,2024-02-17,15.59,72.9,19.0,88.0,1826.0,16.1,522.7,3.1,70.3,113.7,32.0,18.3,2.41,31.1,99.8
AQI1312,Jakarta,Indonesia,2024-01-12,10.45,57.5,49.8,89.5,4903.0,18.6,401.2,15.7,50.6,73.7,32.8,13.9,1.77,28.5,78.6
AQI1670,Sao Paulo,Brazil,2024-01-20,21.91,48.2,42.3,90.6,12592.0,19.1,482.3,11.2,37.8,63.5,18.8,5.2,2.37,38.7,59.6
AQI1373,Karachi,Pakistan,2024-01-23,15.59,72.9,19.0,88.0,1826.0,16.1,522.7,3.1,78.1,128.7,34.0,21.8,2.74,31.8,109.2
AQI2966,Wellington,New Zealand,2024-01-16,0.45,20.1,31.4,86.7,48404.0,57.2,253.7,18.9,17.4,25.2,13.5,1.0,1.12,28.1,37.5
AQI2320,Sydney,Australia,2024-01-20,5.88,29.5,47.0,94.6,56779.0,56.6,330.3,19.9,28.8,45.0,18.4,1.8,1.38,40.7,41.1
AQI2443,Hong Kong,China,2024-02-12,7.57,46.2,47.6,99.6,46494.0,47.0,437.9,37.1,39.7,66.6,27.0,12.3,1.64,27.5,71.7
AQI2491,Nairobi,Kenya,2024-02-10,4.3,40.1,6.0,77.8,2023.0,15.4,453.8,10.3,65.3,104.1,17.1,8.2,1.31,34.0,93.4
AQI1432,  Cairo  ,Egypt,2024-02-01,20.65,62.5,7.3,82.7,4267.0,23.4,427.6,2.1,76.0,110.6,37.2,16.9,2.44,30.3,114.4
AQI1982,Seoul,South Korea,2024-02-01,-9.44,53.5,23.2,93.8,33071.0,41.4,409.7,5.8,46.0,66.7,29.0,8.7,1.82,41.5,64.1
AQI1659,Sao Paulo,Brazil,2024-01-09,21.91,48.2,42.3,90.6,12592.0,19.1,482.3,11.2,51.7,83.4,33.5,13.0,2.16,30.6,78.8
AQI2133,  Berlin  ,Germany,2024-02-02,3.43,38.5,31.6,95.6,49941.0,49.6,423.3,25.5,47.7,78.8,15.5,1.7,1.12,22.6,60.6
AQI1719,  Moscow  ,Russia,2024-01-19,12.52,51.6,49.7,92.2,14053.0,36.7,426.8,24.6,39.4,61.8,31.2,12.2,2.69,24.0,67.7
AQI1376,Karachi,Pakistan,2024-01-26,15.59,72.9,19.0,88.0,1826.0,16.1,522.7,3.1,79.3,120.8,36.3,20.0,2.62,40.5,121.5
AQI2596,Buenos Aires,Argentina,2024-02-15,15.51,40.7,16.2,89.5,10293.0,24.9,419.3,1.0,61.9,97.7,21.9,6.7,1.7,5.0,81.1
AQI1142,Beijing,China,2024-02-11,21.39,82.2,22.0,88.9,17964.0,12.3,481.5,12.6,86.1,150.2,38.5,28.2,2.88,30.2,125.3
AQI1393,Karachi,Pakistan,2024-02-12,15.59,72.9,19.0,88.0,1826.0,16.1,522.7,3.1,85.9,134.1,36.9,18.2,3.18,33.9,132.8
AQI1611,New York,USA,2024-01-11,8.5,42.2,36.0,94.8,74047.0,58.9,335.3,35.6,43.1,72.8,10.1,14.0,1.69,26.8,63.7
AQI2857,Warsaw,Poland,2024-01-07,2.19,46.7,18.0,87.6,18206.0,28.6,369.0,11.4,51.7,89.1,17.4,7.2,1.74,38.0,71.9
AQI1362,Karachi,Pakistan,2024-01-12,15.59,72.9,19.0,88.0,1826.0,16.1,522.7,3.1,66.9,106.8,37.8,22.6,1.98,31.1,100.1
AQI2124,  Berlin  ,Germany,2024-01-24,3.43,38.5,31.6,95.6,49941.0,49.6,423.3,25.5,44.0,66.6,16.8,3.6,1.68,24.5,56.2
AQI2012,London,UK,2024-01-12,9.16,34.9,30.7,95.0,49864.0,50.8,434.4,21.7,31.2,49.2,20.2,1.0,1.22,38.8,43.6
AQI2528,Johannesburg,South Africa,2024-01-28,5.55,46.2,6.9,81.4,6932.0,19.9,394.8,1.0,55.7,74.1,26.8,9.2,1.46,45.8,75.8
AQI2009,London,UK,2024-01-09,9.16,34.9,30.7,95.0,49864.0,50.8,434.4,21.7,35.7,50.3,19.9,6.2,1.71,42.0,48.9
AQI1883,Istanbul,Turkey,2024-02-02,15.58,54.7,15.3,88.9,10428.0,22.0,432.0,1.0,72.3,115.0,35.5,14.5,2.0,50.8,102.0
AQI1807,Manila,Philippines,2024-01-07,13.86,58.9,24.1,87.1,4432.0,15.6,432.2,6.4,57.3,95.9,24.5,13.6,2.32,57.4,85.9
AQI1798,Bangkok,Thailand,2024-02-17,10.37,60.3,30.7,87.9,8306.0,23.6,556.5,1.0,65.5,100.2,41.3,15.6,2.11,44.0,99.3
AQI1756,Bangkok,Thailand,2024-01-06,10.37,60.3,30.7,87.9,8306.0,23.6,556.5,1.0,61.6,94.4,35.0,14.2,1.83,29.7,83.5
AQI2386,Singapore,Singapore,2024-02-05,5.42,54.4,23.4,100.0,72404.0,66.4,373.3,13.3,52.1,77.2,27.7,6.7,2.2,37.0,74.0
AQI2488,Nairobi,Kenya,2024-02-07,4.3,40.1,6.0,77.8,2023.0,15.4,453.8,10.3,46.3,72.8,22.6,9.8,1.25,30.6,73.9
AQI1413,Cairo,Egypt,2024-01-13,20.65,62.5,7.3,82.7,4267.0,23.4,427.6,2.1,77.2,122.2,39.1,13.9,2.06,32.8,107.3
AQI2636,Santiago,Chile,2024-02-05,6.58,44.2,13.9,88.4,16282.0,29.7,374.4,1.0,53.7,97.9,23.0,14.5,1.79,43.8,72.7
AQI2884,Warsaw,Poland,2024-02-03,2.19,46.7,18.0,87.6,18206.0,28.6,369.0,11.4,58.5,97.0,23.0,12.5,1.52,29.0,86.9
AQI1180,Shanghai,China,2024-01-30,24.43,69.3,25.9,90.4,25603.0,34.8,461.9,5.5,59.0,83.4,39.7,14.4,1.91,40.0,99.6
AQI1994,Seoul,South Korea,2024-02-13,9.44,53.5,23.2,93.8,33071.0,41.4,409.7,5.8,58.3,101.2,22.6,16.0,1.85,54.0,85.0
AQI1442,Cairo,Egypt,2024-02-11,20.65,62.5,7.3,82.7,4267.0,23.4,427.6,2.1,79.6,123.8,35.7,15.8,2.1,27.4,103.0
AQI1641,New York,USA,2024-02-10,8.5,42.2,36.0,94.8,74047.0,58.9,335.3,35.6,37.5,67.2,27.0,10.7,1.46,23.8,56.2
AQI1796,Bangkok,Thailand,2024-02-15,10.37,60.3,30.7,87.9,8306.0,23.6,556.5,1.0,54.4,97.4,34.4,14.2,2.2,34.4,88.0
AQI2333,SYDNEY,Australia,2024-02-02,5.88,29.5,47.0,94.6,56779.0,56.6,330.3,19.9,26.5,39.0,20.2,2.0,1.73,31.7,46.1
AQI2121,Berlin,Germany,2024-01-21,3.43,38.5,31.6,95.6,49941.0,49.6,423.3,25.5,12.2,18.6,14.6,7.7,1.16,36.1,22.5
AQI1361,Karachi,Pakistan,2024-01-11,15.59,72.9,19.0,88.0,1826.0,16.1,522.7,3.1,79.1,122.8,30.9,19.5,2.42,36.5,118.4
AQI1279,Dhaka,Bangladesh,2024-01-29,20.95,68.2,20.6,89.0,2717.0,9.6,480.2,1.0,76.2,128.3,36.1,16.3,2.48,29.5,107.7
AQI2782,Kuala Lumpur,MALAYSIA,2024-02-01,8.48,52.2,55.3,93.6,11160.0,13.1,473.7,27.7,38.7,64.4,23.2,14.0,1.99,43.3,69.2
AQI2597,Buenos Aires,Argentina,2024-02-16,15.51,40.7,16.2,89.5,10293.0,24.9,419.3,1.0,56.6,93.9,22.2,11.2,1.15,37.0,71.3
AQI2207,Rome,Italy,2024-01-07,4.27,37.2,32.0,92.7,35529.0,47.6,322.5,25.5,42.4,68.9,20.2,1.3,0.77,33.0,60.2
AQI1072,Mumbai,India,2024-01-22,12.56,63.8,21.6,97.3,3190.0,17.5,511.8,4.8,58.1,89.5,36.9,18.7,2.13,37.7,91.8
AQI1238,Lahore,Pakistan,2024-02-07,11.05,73.1,13.5,85.4,1687.0,22.3,511.7,11.1,79.5,129.2,39.0,22.1,2.93,42.1,116.8
AQI2264,Toronto,Canada,2024-01-14,2.62,28.2,28.8,91.2,50568.0,59.3,8141.323460491076,22.5,35.2,58.8,8.9,3.8,1.04,18.2,45.3
AQI2147,Berlin,Germany,2024-02-16,3.43,38.5,31.6,95.6,49941.0,49.6,423.3,25.5,45.4,63.2,14.9,8.5,1.84,41.7,60.7
AQI2180,Madrid,Spain,2024-01-30,6.87,37.2,33.1,92.5,33551.0,34.2,385.5,21.4,32.4,55.8,31.2,5.4,1.68,17.5,55.3
AQI2990,Wellington,New Zealand,2024-02-09,0.45,20.1,31.4,86.7,48404.0,57.2,253.7,18.9,21.8,39.1,12.4,6.2,0.84,40.2,39.2
AQI2587,Buenos Aires,Argentina,2024-02-06,15.51,40.7,16.2,89.5,10293.0,24.9,419.3,1.0,50.2,82.0,30.2,8.4,1.55,38.6,73.5
AQI2634,Santiago,Chile,2024-02-03,-6.58,44.2,13.9,88.4,16282.0,29.7,374.4,1.0,46.0,69.8,16.6,12.4,1.26,43.9,68.9
AQI1201,Lahore,Pakistan,2024-01-01,11.05,73.1,13.5,85.4,1687.0,22.3,511.7,11.1,73.2,124.2,37.5,16.3,2.72,31.5,106.2
AQI1572,Los Angeles,USA,2024-01-22,4.01,46.8,42.7,95.8,66782.0,47.0,384.8,40.7,38.6,69.2,18.2,11.4,1.57,32.3,60.0
AQI2191,Madrid,Spain,2024-02-10,6.87,37.2,33.1,92.5,33551.0,34.2,385.5,21.4,36.6,52.5,11.4,4.6,1.49,37.2,57.2
AQI2119,Berlin,Germany,2024-01-19,3.43,38.5,31.6,95.6,49941.0,49.6,423.3,25.5,34.7,58.1,19.7,7.3,1.54,48.7,51.0
AQI2675,Riyadh,Saudi Arabia,2024-01-25,7.97,67.1,3.6,84.6,23083.0,32.3,440.6,1.0,68.5,100.8,30.8,15.5,2.44,27.6,97.3
AQI2953,Wellington,New Zealand,2024-01-03,0.45,20.1,31.4,86.7,48404.0,57.2,253.7,18.9,23.7,34.1,11.2,4.9,0.63,22.0,27.4
AQI2584,Buenos Aires,Argentina,2024-02-03,15.51,40.7,16.2,89.5,10293.0,24.9,419.3,1.0,49.3,99.2,26.2,9.9,1.65,32.8,76.4
AQI2962,Wellington,New Zealand,2024-01-12,0.45,20.1,31.4,86.7,48404.0,57.2,253.7,18.9,20.7,28.5,5.9,2.5,0.66,27.2,24.2
AQI1861,Istanbul,Turkey,2024-01-11,15.58,54.7,15.3,88.9,10428.0,22.0,432.0,1.0,72.2,111.9,35.0,14.1,2.06,42.1,99.0
AQI2929,Stockholm,Sweden,2024-01-29,1.81,26.2,69.9,97.7,60164.0,51.8,336.6,37.6,22.0,41.0,23.9,1.9,1.3,,36.9
AQI2791,Kuala Lumpur,Malaysia,2024-02-10,8.48,52.2,55.3,93.6,11160.0,13.1,473.7,27.7,34.0,62.0,34.5,10.1,2.13,38.1,57.1
AQI1529,Mexico City,MEXICO,2024-01-29,22.38,57.0,35.7,88.2,11525.0,14.1,424.1,3.1,61.7,95.4,33.1,12.0,2.27,47.7,94.2
AQI1117,Beijing,China,2024-01-17,21.39,82.2,22.0,88.9,17964.0,12.3,481.5,12.6,90.1,138.1,46.9,22.3,2.81,43.4,124.9
AQI2232,Rome,Italy,2024-02-01,4.27,37.2,32.0,92.7,35529.0,47.6,322.5,25.5,37.2,62.4,20.3,8.3,1.83,37.8,55.0
AQI1455,Lagos,Nigeria,2024-01-05,14.99,59.0,26.1,84.5,3314.0,23.4,475.8,8.3,65.5,113.4,30.2,15.4,2.01,47.8,100.3
AQI2668,Riyadh,Saudi Arabia,2024-01-18,7.97,67.1,3.6,84.6,23083.0,32.3,440.6,1.0,77.1,128.1,35.1,24.4,2.32,45.2,106.2
AQI2900,Warsaw,Poland,2024-02-19,2.19,46.7,18.0,87.6,18206.0,28.6,369.0,11.4,60.4,104.8,24.4,9.0,1.71,55.5,94.8
AQI1005,Delhi,India,2024-01-05,20.19,77.8,33.4,94.3,2582.0,11.2,593.5,14.9,69.4,99.3,34.4,21.7,3.17,36.7,102.5
AQI1300,Dhaka,Bangladesh,2024-02-19,20.95,68.2,20.6,89.0,2717.0,9.6,480.2,1.0,78.4,126.5,37.5,18.3,2.98,20.9,110.3
AQI1047,Delhi,India,2024-02-16,20.19,77.8,33.4,94.3,2582.0,11.2,593.5,14.9,78.3,120.0,41.5,19.1,3.24,33.5,111.7
AQI1326,Jakarta,Indonesia,2024-01-26,10.45,57.5,49.8,89.5,4903.0,18.6,401.2,15.7,45.3,63.3,27.3,16.5,2.23,37.5,70.1
AQI2771,Kuala Lumpur,MALAYSIA,2024-01-21,8.48,52.2,55.3,93.6,11160.0,13.1,473.7,27.7,48.6,78.9,29.7,12.7,2.28,15.9,69.8
AQI1904,Tokyo,Japan,2024-01-04,37.17,38.7,66.7,94.3,39161.0,45.6,363.2,28.7,9.6,5.0,29.6,9.1,1.6,27.6,25.9
AQI2741,Tehran,Iran,2024-02-10,8.82,59.2,3.4,82.5,4984.0,11.8,391.7,6.0,61.1,110.9,24.5,16.5,2.13,36.6,90.0
AQI2380,Singapore,Singapore,2024-01-30,5.42,54.4,23.4,100.0,72404.0,66.4,373.3,13.3,39.5,56.5,35.2,12.0,1.82,24.5,64.6
AQI1451,Lagos,Nigeria,2024-01-01,14.99,59.0,26.1,84.5,3314.0,23.4,475.8,8.3,51.7,70.5,26.0,21.0,1.9,38.0,81.3
AQI2607,Santiago,Chile,2024-01-07,6.58,44.2,13.9,88.4,16282.0,29.7,374.4,1.0,57.7,90.2,28.7,14.3,2.0,38.9,81.6
AQI1502,Mexico City,MEXICO,2024-01-02,22.38,57.0,35.7,88.2,11525.0,14.1,424.1,3.1,61.3,92.3,36.6,15.6,2.14,26.4,86.6
AQI2389,Singapore,Singapore,2024-02-08,5.42,54.4,23.4,100.0,72404.0,66.4,373.3,13.3,47.3,86.5,36.7,17.3,1.83,18.7,63.9
AQI2454,Nairobi,Kenya,2024-01-04,4.3,40.1,6.0,77.8,2023.0,15.4,453.8,10.3,53.0,78.4,18.8,11.0,1.7,51.8,76.7
AQI2166,Madrid,Spain,2024-01-16,6.87,37.2,33.1,92.5,33551.0,34.2,385.5,21.4,39.8,67.1,26.5,3.3,1.42,39.3,64.5
AQI1195,shanghai,China,2024-02-14,24.43,69.3,25.9,90.4,25603.0,34.8,461.9,5.5,76.6,118.5,47.3,18.2,2.44,38.0,106.1
AQI1507,Mexico City,Mexico,2024-01-07,22.38,57.0,35.7,88.2,11525.0,14.1,424.1,3.1,58.0,89.1,30.3,16.8,2.34,37.3,85.1
AQI2160,Madrid,Spain,2024-01-10,6.87,37.2,33.1,92.5,33551.0,34.2,385.5,21.4,42.7,59.8,29.7,5.9,1.5,26.0,76.1
AQI2498,  Nairobi  ,Kenya,2024-02-17,4.3,40.1,6.0,77.8,2023.0,15.4,453.8,10.3,61.8,97.7,11.6,11.1,1.77,45.5,81.5
AQI1934,Tokyo,Japan,2024-02-03,37.17,38.7,66.7,94.3,39161.0,45.6,363.2,28.7,31.7,50.8,27.2,4.4,1.59,12.4,46.4
AQI1351,karachi,Pakistan,2024-01-01,15.59,72.9,19.0,88.0,1826.0,16.1,522.7,3.1,66.4,108.2,37.9,13.4,2.59,28.6,99.9
AQI1597,Los Angeles,USA,2024-02-16,4.01,46.8,42.7,95.8,66782.0,47.0,384.8,40.7,30.9,55.0,22.7,8.0,1.34,22.8,39.2
AQI2790,Kuala Lumpur,Malaysia,2024-02-09,8.48,52.2,55.3,93.6,11160.0,13.1,473.7,27.7,40.5,65.8,30.9,13.9,1.89,32.7,67.8
AQI1387,Karachi,Pakistan,2024-02-06,15.59,72.9,19.0,88.0,1826.0,16.1,522.7,3.1,76.9,125.8,34.9,19.5,2.6,29.7,111.1
AQI1862,Istanbul,Turkey,2024-01-12,15.58,54.7,15.3,88.9,10428.0,22.0,432.0,1.0,60.9,95.1,22.7,15.6,2.03,36.1,81.4
AQI1341,  Jakarta  ,Indonesia,2024-02-10,10.45,57.5,49.8,89.5,4903.0,18.6,401.2,15.7,47.1,80.3,26.9,9.0,2.58,46.3,68.2
AQI1624,New York,USA,2024-01-24,8.5,42.2,36.0,94.8,74047.0,58.9,335.3,35.6,27.7,49.4,24.0,8.2,1.72,37.8,54.4
AQI2576,Buenos Aires,Argentina,2024-01-26,15.51,40.7,16.2,89.5,10293.0,24.9,419.3,1.0,50.9,79.7,21.8,8.2,1.59,32.3,65.9
AQI1755,Bangkok,Thailand,2024-01-05,10.37,60.3,30.7,87.9,8306.0,23.6,556.5,1.0,42.1,74.3,30.7,18.7,2.26,30.2,66.1
AQI1110,Beijing,China,2024-01-10,21.39,82.2,22.0,88.9,17964.0,12.3,481.5,12.6,79.2,126.3,33.7,24.2,2.88,39.4,109.8
AQI2535,Johannesburg,South Africa,2024-02-04,5.55,46.2,6.9,81.4,6932.0,19.9,394.8,1.0,73.6,116.6,26.7,14.9,1.74,46.8,100.0
AQI1962,seoul,South Korea,2024-01-12,9.44,53.5,23.2,93.8,33071.0,41.4,409.7,5.8,65.5,101.1,26.9,15.9,3.04,24.1,98.3
AQI1738,Moscow,Russia,2024-02-07,12.52,51.6,49.7,92.2,14053.0,36.7,426.8,24.6,43.7,66.1,30.7,14.3,2.19,48.7,72.0
AQI2976,Wellington,New Zealand,2024-01-26,0.45,20.1,31.4,86.7,48404.0,57.2,253.7,18.9,6.8,5.0,22.6,3.8,0.97,33.5,16.6
AQI2330,Sydney,Australia,2024-01-30,5.88,29.5,47.0,94.6,56779.0,56.6,330.3,19.9,20.4,38.9,26.2,6.5,1.96,23.7,35.7
AQI2689,Riyadh,Saudi Arabia,2024-02-08,7.97,67.1,3.6,84.6,23083.0,32.3,440.6,1.0,85.9,125.4,35.8,14.4,2.3,36.3,121.9
AQI2247,Rome,Italy,2024-02-16,4.27,37.2,32.0,92.7,35529.0,47.6,322.5,25.5,29.5,46.4,13.4,9.1,1.03,32.2,39.2
AQI1096,Mumbai,India,2024-02-15,12.56,63.8,21.6,97.3,3190.0,17.5,511.8,4.8,61.5,95.2,35.6,13.5,2.64,34.4,90.4
AQI2496,Nairobi,Kenya,2024-02-15,4.3,40.1,6.0,77.8,2023.0,15.4,453.8,10.3,54.2,86.9,17.0,10.4,1.59,50.9,87.9
AQI2583,Buenos Aires,Argentina,2024-02-02,15.51,40.7,16.2,89.5,10293.0,24.9,419.3,1.0,57.7,94.4,26.1,13.5,1.38,27.8,83.4
AQI1020,Delhi,India,2024-01-20,20.19,77.8,33.4,94.3,2582.0,11.2,593.5,14.9,82.4,122.2,42.0,21.9,3.18,22.6,113.0
AQI2511,Johannesburg,South Africa,2024-01-11,5.55,46.2,6.9,81.4,6932.0,19.9,394.8,1.0,55.2,98.5,18.6,12.3,1.3,42.7,73.9
AQI2035,London,UK,2024-02-04,9.16,34.9,30.7,95.0,49864.0,50.8,434.4,21.7,36.4,62.4,10.8,9.9,1.97,36.4,54.9
AQI2199,Madrid,Spain,2024-02-18,6.87,37.2,33.1,92.5,33551.0,34.2,385.5,21.4,23.4,40.0,21.0,5.9,1.1,41.3,38.3
AQI1309,Jakarta,Indonesia,2024-01-09,10.45,57.5,49.8,89.5,4903.0,18.6,401.2,15.7,50.0,77.3,26.8,14.6,1.93,31.9,85.3
AQI2284,Toronto,Canada,2024-02-03,2.62,28.2,28.8,91.2,50568.0,59.3,277.0,22.5,43.0,63.1,5.5,5.9,1.25,25.6,49.5
AQI1664,Sao Paulo,Brazil,2024-01-14,21.91,48.2,42.3,90.6,12592.0,19.1,482.3,11.2,43.6,66.5,30.0,6.9,2.53,27.0,71.7
AQI1416,Cairo,Egypt,2024-01-16,20.65,62.5,7.3,82.7,4267.0,23.4,427.6,2.1,63.8,105.4,34.4,18.0,2.69,46.2,99.1
AQI1368,Karachi,Pakistan,2024-01-18,15.59,72.9,19.0,88.0,1826.0,16.1,522.7,3.1,74.8,129.8,42.9,20.7,2.94,26.8,115.7
AQI2406,Hong Kong,China,2024-01-06,7.57,46.2,47.6,99.6,46494.0,47.0,437.9,37.1,37.3,61.0,22.6,7.8,1.54,42.7,60.2
AQI1223,  Lahore  ,Pakistan,2024-01-23,11.05,73.1,13.5,85.4,1687.0,22.3,511.7,11.1,55.3,82.4,39.7,26.3,2.6,30.7,86.5
AQI1877,Istanbul,Turkey,2024-01-27,15.58,54.7,15.3,88.9,10428.0,22.0,432.0,1.0,70.6,111.9,23.3,14.7,2.15,39.6,104.1
AQI1716,Moscow,Russia,2024-01-16,12.52,51.6,49.7,92.2,14053.0,36.7,426.8,24.6,34.5,53.5,27.4,11.6,2.04,36.9,61.2
AQI2507,Johannesburg,South Africa,2024-01-07,5.55,46.2,6.9,81.4,6932.0,19.9,394.8,1.0,52.2,80.6,23.8,13.9,2.03,36.2,67.5
AQI1701,Moscow,Russia,2024-01-01,12.52,51.6,49.7,92.2,14053.0,36.7,426.8,24.6,37.1,54.9,26.5,6.4,2.69,20.2,54.4
AQI1112,Beijing,China,2024-01-12,21.39,82.2,22.0,88.9,17964.0,12.3,481.5,12.6,72.0,115.8,39.7,21.7,2.73,38.9,105.9
AQI1352,Karachi,Pakistan,2024-01-02,15.59,72.9,19.0,88.0,1826.0,16.1,522.7,3.1,91.6,148.7,35.9,22.9,2.8,41.3,134.2
AQI2829,Ho Chi Minh City,Vietnam,2024-01-29,9.59,55.0,39.4,81.4,4512.0,12.7,422.8,24.8,54.4,80.2,34.3,15.8,2.51,27.3,83.1
AQI1331,Jakarta,Indonesia,2024-01-31,10.45,57.5,49.8,89.5,4903.0,18.6,401.2,15.7,42.4,57.5,23.5,17.5,2.01,27.0,65.0
AQI1314,Jakarta,Indonesia,2024-01-14,10.45,57.5,49.8,89.5,4903.0,18.6,401.2,15.7,33.2,52.0,33.7,13.5,2.51,18.0,57.7
AQI1288,Dhaka,Bangladesh,2024-02-07,20.95,68.2,20.6,89.0,2717.0,9.6,480.2,1.0,82.5,133.6,37.2,21.5,2.49,40.8,119.0
AQI2922,Stockholm,Sweden,2024-01-22,1.81,26.2,69.9,97.7,60164.0,51.8,336.6,37.6,8.3,24.7,15.9,1.0,1.14,29.9,15.2
AQI1869,Istanbul,Turkey,2024-01-19,15.58,54.7,15.3,88.9,10428.0,22.0,432.0,1.0,71.1,113.6,28.9,20.2,2.27,34.4,95.5
AQI2348,Sydney,Australia,2024-02-17,5.88,29.5,47.0,94.6,56779.0,56.6,330.3,19.9,22.6,39.2,16.2,4.6,1.37,44.2,41.9
AQI2756,Kuala Lumpur,Malaysia,2024-01-06,8.48,52.2,55.3,93.6,11160.0,13.1,473.7,27.7,24.7,44.0,21.7,16.9,2.06,19.2,39.7
AQI2183,Madrid,Spain,2024-02-02,6.87,37.2,33.1,92.5,33551.0,34.2,385.5,21.4,44.4,79.5,14.1,6.1,1.56,50.4,62.5
AQI1631,new york,USA,2024-01-31,8.5,42.2,36.0,94.8,74047.0,58.9,335.3,35.6,36.4,52.8,19.8,8.9,1.7,25.6,52.2
AQI2150,Berlin,Germany,2024-02-19,3.43,38.5,31.6,95.6,49941.0,49.6,423.3,25.5,58.3,91.7,24.0,7.5,1.1,14.8,76.2
AQI2536,Johannesburg,South Africa,2024-02-05,5.55,46.2,6.9,81.4,6932.0,19.9,394.8,1.0,57.0,83.4,24.8,13.5,2.12,46.9,81.5
AQI1431,Cairo,Egypt,2024-01-31,20.65,62.5,7.3,82.7,4267.0,23.4,427.6,2.1,58.8,87.4,32.5,18.2,2.3,51.1,78.9
AQI1018,Delhi,India,2024-01-18,20.19,77.8,33.4,94.3,2582.0,11.2,593.5,14.9,66.9,107.6,38.6,16.5,2.97,24.4,103.3
AQI2206,Rome,Italy,2024-01-06,4.27,37.2,32.0,92.7,35529.0,47.6,322.5,25.5,23.8,45.7,13.3,8.7,1.25,51.4,36.9
AQI1604,New York,USA,2024-01-04,8.5,42.2,36.0,94.8,74047.0,58.9,335.3,35.6,42.4,64.3,26.4,13.0,1.48,41.4,58.7
AQI1448,Cairo,Egypt,2024-02-17,20.65,62.5,7.3,82.7,4267.0,23.4,427.6,2.1,81.8,132.2,39.8,14.4,2.11,31.2,120.2
AQI2052,Paris,France,2024-01-02,11.3,34.0,21.1,93.6,47249.0,52.6,349.0,10.9,34.2,51.5,14.0,5.2,0.86,29.5,46.5
AQI2230,Rome,Italy,2024-01-30,4.27,37.2,32.0,92.7,35529.0,47.6,322.5,25.5,41.4,68.6,8.9,4.6,1.42,40.1,62.4
AQI2090,Paris,France,2024-02-09,11.3,34.0,21.1,93.6,47249.0,52.6,349.0,10.9,28.7,41.0,16.0,4.1,1.55,35.2,41.3
AQI1900,Istanbul,Turkey,2024-02-19,15.58,54.7,15.3,88.9,10428.0,22.0,432.0,1.0,65.6,107.9,31.9,8.8,2.07,23.9,98.6
AQI2261,Toronto,Canada,2024-01-11,2.62,28.2,28.8,91.2,50568.0,59.3,277.0,22.5,30.0,44.0,14.5,3.3,1.29,23.9,43.7
AQI1055,Mumbai,India,2024-01-05,12.56,63.8,21.6,97.3,3190.0,17.5,511.8,4.8,70.5,110.0,24.6,21.2,2.39,49.1,93.9
AQI1264,Dhaka,Bangladesh,2024-01-14,20.95,68.2,,89.0,2717.0,9.6,480.2,1.0,69.3,114.1,36.3,17.6,2.5,36.0,101.3
AQI1102,Beijing,China,2024-01-02,21.39,82.2,22.0,88.9,17964.0,12.3,481.5,12.6,65.2,106.8,33.5,26.0,2.96,39.3,105.7
AQI1276,Dhaka,Bangladesh,2024-01-26,20.95,68.2,20.6,89.0,2717.0,9.6,480.2,1.0,74.2,118.5,34.3,22.3,2.82,29.2,111.3
AQI1893,Istanbul,Turkey,2024-02-12,15.58,54.7,15.3,88.9,10428.0,22.0,432.0,1.0,73.3,121.9,19.6,14.5,1.64,31.1,96.2
AQI1505,Mexico City,Mexico,2024-01-05,22.38,57.0,35.7,88.2,11525.0,14.1,424.1,3.1,44.9,70.2,37.5,17.3,1.8,38.2,62.0
AQI1250,Lahore,Pakistan,2024-02-19,11.05,73.1,13.5,85.4,1687.0,22.3,511.7,11.1,86.7,139.2,29.3,19.2,2.37,41.2,128.3
AQI2813,Ho Chi Minh City,Vietnam,2024-01-13,9.59,55.0,39.4,81.4,4512.0,12.7,422.8,24.8,37.6,59.7,23.6,16.3,2.29,15.1,56.2
AQI1916,Tokyo,Japan,2024-01-16,37.17,38.7,66.7,94.3,39161.0,45.6,363.2,28.7,39.0,66.5,33.5,5.1,2.27,28.1,71.1
AQI2349,Sydney,Australia,2024-02-18,5.88,29.5,47.0,94.6,56779.0,56.6,330.3,19.9,26.6,51.6,18.4,7.6,1.49,14.5,50.4
AQI1563,Los Angeles,USA,2024-01-13,4.01,46.8,42.7,95.8,66782.0,47.0,384.8,40.7,42.5,59.5,17.6,1.1,1.5,43.2,62.3
AQI1345,Jakarta,Indonesia,2024-02-14,10.45,57.5,49.8,89.5,4903.0,18.6,401.2,15.7,55.6,94.3,25.3,14.0,2.26,30.4,88.7
AQI1636,New York,USA,2024-02-05,8.5,42.2,36.0,94.8,74047.0,58.9,335.3,35.6,36.6,66.9,26.1,10.5,1.31,33.8,56.8
AQI1541,Mexico City,Mexico,2024-02-10,22.38,57.0,35.7,88.2,11525.0,14.1,424.1,3.1,61.3,104.1,24.6,15.1,1.88,19.9,84.6
AQI2622,Santiago,Chile,2024-01-22,6.58,44.2,13.9,88.4,16282.0,29.7,374.4,1.0,72.7,119.2,18.2,10.0,1.71,34.4,103.5
AQI2362,Singapore,Singapore,2024-01-12,5.42,54.4,23.4,100.0,72404.0,66.4,373.3,13.3,48.3,70.8,28.3,10.5,2.2,44.2,70.8
AQI1061,Mumbai,India,2024-01-11,12.56,63.8,21.6,97.3,3190.0,17.5,511.8,4.8,75.6,112.7,24.6,17.0,2.54,36.4,95.6
AQI2754,Kuala Lumpur,MALAYSIA,2024-01-04,8.48,52.2,55.3,93.6,11160.0,13.1,473.7,27.7,26.0,41.1,26.1,11.0,2.05,20.7,43.8
AQI2941,Stockholm,Sweden,2024-02-10,1.81,26.2,69.9,97.7,60164.0,51.8,336.6,37.6,8.9,13.8,16.5,3.5,1.57,16.7,20.8
AQI1977,Seoul,South Korea,2024-01-27,9.44,53.5,23.2,93.8,33071.0,41.4,409.7,5.8,61.7,105.1,24.2,11.9,2.21,31.2,89.8
AQI1211,Lahore,Pakistan,2024-01-11,11.05,73.1,13.5,85.4,1687.0,22.3,511.7,11.1,61.7,97.5,33.0,14.5,2.57,36.8,100.0
AQI1282,Dhaka,Bangladesh,2024-02-01,20.95,68.2,20.6,89.0,2717.0,9.6,480.2,1.0,72.5,114.5,26.2,20.8,2.16,37.5,104.8
AQI2421,Hong Kong,China,2024-01-21,7.57,46.2,47.6,99.6,46494.0,47.0,437.9,37.1,41.1,67.9,21.1,8.5,1.85,38.4,70.5
AQI2272,Toronto,Canada,2024-01-22,2.62,28.2,28.8,91.2,50568.0,59.3,277.0,22.5,26.1,46.4,16.8,8.6,1.27,54.2,46.7
AQI2151,Madrid,Spain,2024-01-01,6.87,37.2,33.1,92.5,33551.0,34.2,385.5,21.4,33.6,61.8,16.6,3.7,1.59,31.0,69.0
AQI1614,New York,USA,2024-01-14,8.5,42.2,36.0,94.8,74047.0,58.9,335.3,35.6,24.7,34.1,17.1,11.2,1.88,39.5,47.5
AQI2233,Rome,Italy,2024-02-02,4.27,37.2,32.0,92.7,35529.0,47.6,322.5,25.5,43.7,61.7,13.6,8.2,1.59,22.7,58.7
AQI1976,Seoul,South Korea,2024-01-26,9.44,53.5,23.2,93.8,33071.0,41.4,409.7,5.8,49.5,70.7,37.8,12.8,1.97,42.4,80.8
AQI1846,Manila,Philippines,2024-02-15,13.86,58.9,24.1,87.1,4432.0,15.6,432.2,6.4,73.5,115.4,34.9,16.7,2.63,37.1,112.3
AQI2115,Berlin,Germany,2024-01-15,3.43,38.5,31.6,95.6,49941.0,49.6,423.3,25.5,35.8,68.7,21.5,5.0,1.72,31.7,58.7
AQI1325,Jakarta,Indonesia,2024-01-25,10.45,57.5,49.8,89.5,4903.0,18.6,401.2,15.7,45.6,77.0,23.7,12.7,2.27,41.0,70.0
AQI1515,Mexico City,Mexico,2024-01-15,22.38,57.0,147.77878966382684,88.2,11525.0,14.1,424.1,3.1,74.9,121.5,37.9,14.2,2.37,43.0,115.3
AQI2817,Ho Chi Minh City,Vietnam,2024-01-17,9.59,55.0,39.4,81.4,4512.0,12.7,422.8,24.8,53.8,84.0,33.6,10.9,1.67,53.4,77.3
AQI1029,Delhi,India,2024-01-29,20.19,77.8,33.4,94.3,2582.0,11.2,593.5,14.9,63.3,95.6,43.7,22.6,3.1,73.5,104.1
AQI1825,Manila,Philippines,2024-01-25,13.86,58.9,24.1,87.1,4432.0,15.6,432.2,6.4,54.1,84.2,29.8,7.0,2.68,27.4,83.5
AQI1594,Los Angeles,USA,2024-02-13,4.01,46.8,42.7,95.8,66782.0,47.0,384.8,40.7,57.1,94.3,23.1,12.8,1.81,35.7,77.3
AQI2862,Warsaw,Poland,2024-01-12,2.19,46.7,18.0,87.6,18206.0,28.6,7036.538046278366,11.4,42.1,70.2,34.7,14.7,2.07,35.4,66.0
AQI2433,hong kong,China,2024-02-02,7.57,46.2,47.6,99.6,46494.0,47.0,437.9,37.1,43.0,67.2,22.2,9.0,1.89,41.8,68.1
AQI2786,Kuala Lumpur,Malaysia,2024-02-05,8.48,52.2,55.3,93.6,11160.0,13.1,473.7,27.7,37.0,56.9,32.0,12.8,1.47,21.9,63.2
AQI1225,Lahore,Pakistan,2024-01-25,11.05,73.1,13.5,85.4,1687.0,22.3,511.7,11.1,77.3,122.2,35.1,15.5,2.86,37.2,111.4
AQI1424,  Cairo  ,Egypt,2024-01-24,20.65,62.5,7.3,82.7,4267.0,23.4,427.6,2.1,64.9,104.2,35.7,16.2,2.36,29.3,95.2
AQI2179,Madrid,Spain,2024-01-29,6.87,37.2,33.1,92.5,33551.0,34.2,385.5,21.4,38.9,65.2,16.1,12.0,1.51,21.9,58.9
AQI1831,Manila,Philippines,2024-01-31,13.86,58.9,24.1,87.1,,15.6,432.2,6.4,57.7,99.3,22.3,11.2,2.22,36.6,81.5
AQI2875,Warsaw,Poland,2024-01-25,2.19,46.7,18.0,87.6,18206.0,28.6,369.0,11.4,45.6,71.2,28.0,14.4,1.4,26.7,65.9
AQI1545,Mexico City,Mexico,2024-02-14,22.38,57.0,35.7,88.2,11525.0,14.1,424.1,3.1,72.0,119.5,33.7,15.7,2.05,33.3,112.3
AQI2478,Nairobi,Kenya,2024-01-28,4.3,40.1,6.0,77.8,2023.0,15.4,453.8,10.3,54.5,80.7,35.5,9.5,1.09,30.7,71.3
AQI1838,Manila,Philippines,2024-02-07,13.86,58.9,24.1,87.1,4432.0,15.6,432.2,6.4,65.3,111.3,24.6,17.1,1.83,25.2,90.4
AQI2446,Hong Kong,China,2024-02-15,7.57,46.2,47.6,99.6,46494.0,47.0,437.9,37.1,50.1,84.9,23.3,9.6,1.42,31.5,68.6
AQI2377,  Singapore  ,Singapore,2024-01-27,5.42,54.4,23.4,100.0,72404.0,66.4,373.3,13.3,43.0,66.5,29.4,18.0,2.07,41.2,71.5
AQI2305,Sydney,Australia,2024-01-05,5.88,29.5,47.0,94.6,56779.0,56.6,330.3,19.9,21.8,33.9,18.0,5.9,1.49,29.6,38.6
AQI1926,Tokyo,Japan,2024-01-26,37.17,38.7,66.7,94.3,39161.0,45.6,363.2,28.7,42.9,65.1,28.7,1.3,2.01,26.1,60.4
AQI1152,Shanghai,China,2024-01-02,24.43,69.3,25.9,90.4,25603.0,34.8,461.9,5.5,60.9,97.0,37.0,19.9,2.57,43.4,93.5
AQI1216,Lahore,Pakistan,2024-01-16,11.05,73.1,13.5,85.4,1687.0,22.3,511.7,11.1,76.0,115.6,38.1,22.4,2.96,37.0,111.1
AQI1099,Mumbai,India,2024-02-18,12.56,63.8,21.6,97.3,3190.0,17.5,511.8,4.8,65.4,96.2,25.3,19.0,2.04,54.3,83.5
AQI2628,Santiago,Chile,2024-01-28,6.58,44.2,13.9,88.4,16282.0,29.7,374.4,1.0,66.5,93.6,19.3,15.5,2.03,43.1,89.4
AQI2661,Riyadh,Saudi Arabia,2024-01-11,7.97,67.1,3.6,84.6,23083.0,32.3,440.6,1.0,61.5,96.8,30.9,17.6,2.2,42.2,82.8
AQI1749,Moscow,Russia,2024-02-18,12.52,51.6,49.7,92.2,14053.0,36.7,426.8,24.6,31.4,44.8,18.4,10.3,2.0,33.7,50.5
AQI1803,  Manila  ,Philippines,2024-01-03,13.86,58.9,24.1,87.1,4432.0,15.6,432.2,6.4,55.7,81.8,37.6,11.6,2.12,26.0,85.6
AQI2477,Nairobi,Kenya,2024-01-27,4.3,40.1,6.0,77.8,2023.0,15.4,453.8,10.3,46.8,77.3,15.9,12.3,1.7,34.3,70.4
AQI1013,Delhi,India,2024-01-13,20.19,77.8,33.4,94.3,2582.0,11.2,593.5,14.9,64.4,101.1,39.1,16.7,3.03,37.6,98.8
AQI2714,Tehran,Iran,2024-01-14,8.82,59.2,3.4,82.5,4984.0,11.8,391.7,6.0,68.3,108.2,23.4,17.6,2.36,37.3,99.3
AQI2691,Riyadh,Saudi Arabia,2024-02-10,7.97,67.1,3.6,84.6,23083.0,32.3,440.6,1.0,75.3,127.2,35.1,14.8,2.26,59.6,111.2
AQI1168,Shanghai,China,2024-01-18,24.43,69.3,25.9,90.4,25603.0,34.8,461.9,5.5,63.3,102.0,39.9,17.9,2.57,29.1,93.0
AQI2637,Santiago,Chile,2024-02-06,6.58,44.2,13.9,88.4,16282.0,29.7,374.4,1.0,57.6,87.7,18.5,16.3,1.64,27.9,78.8
AQI2472,Nairobi,Kenya,2024-01-22,4.3,40.1,6.0,77.8,2023.0,15.4,453.8,10.3,46.1,62.8,30.8,6.8,1.81,39.8,54.2
AQI1189,Shanghai,China,2024-02-08,24.43,69.3,25.9,90.4,25603.0,34.8,461.9,5.5,60.7,95.8,31.4,12.3,2.72,43.7,88.5
AQI2065,  Paris  ,France,2024-01-15,11.3,34.0,21.1,93.6,47249.0,52.6,349.0,10.9,61.6,103.6,24.9,8.0,1.01,40.8,91.0
AQI1044,Delhi,India,2024-02-13,20.19,77.8,33.4,94.3,2582.0,11.2,593.5,14.9,76.2,120.6,46.6,23.6,3.19,48.0,116.8
AQI2096,Paris,France,2024-02-15,11.3,34.0,21.1,93.6,47249.0,52.6,349.0,10.9,40.5,68.8,17.4,11.3,1.93,27.9,62.3
AQI1010,Delhi,India,2024-01-10,20.19,77.8,33.4,94.3,2582.0,11.2,593.5,14.9,81.5,130.1,48.9,13.2,3.19,35.9,119.5
AQI2345,Sydney,Australia,2024-02-14,5.88,29.5,47.0,94.6,56779.0,56.6,330.3,19.9,15.0,19.9,17.2,10.9,1.05,53.3,39.2
AQI1148,Beijing,China,2024-02-17,21.39,82.2,22.0,88.9,17964.0,12.3,481.5,12.6,88.0,137.5,38.6,22.9,3.17,42.1,126.0
AQI1973,Seoul,South Korea,2024-01-23,9.44,53.5,23.2,93.8,33071.0,41.4,409.7,5.8,54.9,91.0,24.5,12.6,1.97,44.8,76.2
AQI1014,Delhi,India,2024-01-14,20.19,77.8,33.4,94.3,2582.0,11.2,593.5,14.9,68.4,101.0,39.0,20.1,2.7,33.4,103.6
AQI1390,Karachi,Pakistan,2024-02-09,15.59,72.9,19.0,88.0,1826.0,16.1,522.7,3.1,,105.3,38.4,21.9,2.49,33.0,96.4
AQI2282,Toronto,Canada,2024-02-01,2.62,28.2,28.8,91.2,50568.0,59.3,277.0,22.5,26.9,50.6,11.9,1.0,1.01,34.7,39.0
AQI1958,Seoul,South Korea,2024-01-08,9.44,53.5,23.2,93.8,33071.0,41.4,409.7,5.8,57.5,87.0,36.6,18.6,2.06,36.4,91.9
AQI1638,New York,USA,2024-02-07,8.5,42.2,36.0,94.8,74047.0,58.9,335.3,35.6,40.4,69.5,19.1,10.5,1.23,49.1,61.3
AQI1971,Seoul,South Korea,2024-01-21,9.44,53.5,23.2,93.8,33071.0,41.4,409.7,5.8,42.3,74.7,20.1,10.8,1.68,19.0,64.2
AQI2579,Buenos Aires,Argentina,2024-01-29,15.51,40.7,16.2,89.5,10293.0,24.9,419.3,1.0,48.4,64.4,18.6,8.5,1.73,26.3,64.7
AQI2287,Toronto,Canada,2024-02-06,2.62,28.2,28.8,91.2,50568.0,59.3,277.0,22.5,18.8,24.5,20.6,5.6,0.96,47.7,38.6
AQI1968,Seoul,South Korea,2024-01-18,9.44,53.5,23.2,93.8,33071.0,41.4,409.7,5.8,43.7,65.3,31.7,13.6,1.98,45.3,71.3
AQI2694,Riyadh,Saudi Arabia,2024-02-13,7.97,67.1,3.6,84.6,23083.0,32.3,440.6,1.0,74.7,124.9,29.8,,2.54,51.2,106.9
AQI2043,London,UK,2024-02-12,9.16,34.9,30.7,95.0,49864.0,50.8,434.4,21.7,30.9,42.5,30.7,3.8,1.56,31.7,47.2
AQI1573,Los Angeles,USA,2024-01-23,4.01,46.8,42.7,95.8,66782.0,47.0,384.8,40.7,25.0,35.3,30.1,12.2,1.73,36.0,43.6
AQI2868,Warsaw,Poland,2024-01-18,2.19,46.7,18.0,87.6,18206.0,28.6,369.0,11.4,49.8,79.5,24.9,10.4,1.55,51.1,76.5
AQI1763,Bangkok,Thailand,2024-01-13,10.37,60.3,30.7,87.9,8306.0,23.6,556.5,1.0,64.9,99.4,21.9,15.3,2.51,37.9,91.5
AQI1811,Manila,Philippines,2024-01-11,13.86,58.9,24.1,87.1,4432.0,15.6,432.2,6.4,39.6,61.2,44.2,15.0,2.51,50.8,70.7
AQI1721,Moscow,Russia,2024-01-21,12.52,51.6,49.7,92.2,14053.0,36.7,426.8,24.6,42.9,56.2,27.0,11.2,2.25,42.3,63.2
AQI1685,Sao Paulo,Brazil,2024-02-04,21.91,48.2,42.3,90.6,12592.0,19.1,482.3,11.2,47.4,69.7,23.4,10.3,2.34,42.9,69.0
AQI1456,  Lagos  ,Nigeria,2024-01-06,14.99,59.0,26.1,84.5,3314.0,23.4,475.8,8.3,71.7,109.5,29.5,15.9,2.48,33.9,98.1
AQI1692,SAO PAULO,Brazil,2024-02-11,21.91,48.2,42.3,90.6,12592.0,19.1,482.3,11.2,55.1,89.5,34.8,13.8,2.44,36.9,78.1
AQI2163,Madrid,Spain,2024-01-13,6.87,37.2,33.1,92.5,33551.0,34.2,385.5,21.4,35.5,55.4,20.4,7.4,1.52,46.5,55.6
AQI1931,Tokyo,Japan,2024-01-31,37.17,38.7,66.7,94.3,39161.0,45.6,363.2,28.7,38.7,45.7,22.9,3.2,1.5,27.8,56.5
AQI1026,Delhi,India,2024-01-26,20.19,77.8,33.4,94.3,2582.0,11.2,593.5,14.9,77.4,122.5,44.7,22.5,2.92,26.5,107.8
AQI2518,Johannesburg,South Africa,2024-01-18,5.55,46.2,6.9,81.4,,19.9,394.8,1.0,50.4,76.3,26.5,16.4,1.85,45.9,78.8
AQI2460,Nairobi,KENYA,2024-01-10,4.3,40.1,6.0,77.8,2023.0,15.4,453.8,10.3,62.4,93.9,19.0,9.4,2.54,34.8,96.5
AQI1596,Los Angeles,USA,2024-02-15,4.01,46.8,42.7,95.8,,47.0,384.8,40.7,37.5,64.5,21.9,9.4,1.89,36.5,49.6
AQI1841,Manila,Philippines,2024-02-10,13.86,58.9,24.1,87.1,4432.0,15.6,432.2,6.4,81.9,132.2,29.9,18.6,2.26,40.4,128.2
AQI1116,Beijing,China,2024-01-16,21.39,82.2,22.0,88.9,17964.0,12.3,481.5,12.6,75.1,112.1,37.4,19.9,2.59,36.4,110.1
AQI1025,Delhi,India,2024-01-25,20.19,77.8,33.4,94.3,2582.0,11.2,593.5,14.9,73.4,126.1,39.8,29.3,3.13,26.4,107.9
AQI1371,Karachi,Pakistan,2024-01-21,15.59,72.9,19.0,88.0,1826.0,16.1,522.7,3.1,67.8,113.7,32.0,22.8,2.71,42.7,97.0
AQI1612,New York,USA,2024-01-12,8.5,42.2,36.0,94.8,74047.0,58.9,335.3,35.6,36.7,54.7,22.9,6.1,1.48,27.7,47.7
AQI1097,Mumbai,India,2024-02-16,12.56,63.8,21.6,97.3,3190.0,17.5,511.8,4.8,76.4,124.9,31.3,20.6,2.1,42.9,112.9
AQI2158,Madrid,Spain,2024-01-08,6.87,37.2,33.1,92.5,33551.0,34.2,385.5,21.4,53.7,90.8,31.1,10.4,1.89,54.8,83.8
AQI2650,Santiago,Chile,2024-02-19,6.58,44.2,13.9,88.4,16282.0,29.7,374.4,1.0,58.3,99.8,27.1,8.7,1.32,35.1,91.2
AQI2450,Hong Kong,China,2024-02-19,7.57,46.2,47.6,99.6,46494.0,47.0,437.9,37.1,43.9,76.1,28.3,8.6,1.83,56.4,74.4
AQI1100,Mumbai,India,2024-02-19,12.56,63.8,21.6,97.3,3190.0,17.5,511.8,4.8,84.8,137.0,32.6,15.5,2.54,36.4,125.4
AQI2510,Johannesburg,South Africa,2024-01-10,5.55,46.2,6.9,81.4,6932.0,19.9,394.8,1.0,56.8,90.2,24.6,11.1,1.67,39.9,82.6
AQI2497,Nairobi,Kenya,2024-02-16,4.3,40.1,6.0,77.8,2023.0,15.4,453.8,10.3,48.6,66.2,20.2,6.4,1.77,46.6,76.4
AQI2554,Buenos Aires,Argentina,2024-01-04,15.51,40.7,16.2,89.5,10293.0,24.9,419.3,1.0,40.5,60.6,28.5,5.4,1.93,41.2,68.5
AQI1358,Karachi,Pakistan,2024-01-08,15.59,72.9,19.0,88.0,1826.0,16.1,522.7,3.1,71.5,109.0,35.5,17.1,2.85,45.7,104.4
AQI2382,Singapore,Singapore,2024-02-01,5.42,54.4,23.4,100.0,72404.0,66.4,373.3,13.3,58.0,90.7,25.5,11.4,1.66,,81.2
AQI2328,Sydney,Australia,2024-01-28,5.88,29.5,47.0,94.6,56779.0,56.6,330.3,19.9,31.4,49.6,19.9,2.5,1.56,9.0,42.0
AQI2620,Santiago,Chile,2024-01-20,6.58,44.2,13.9,88.4,16282.0,29.7,374.4,1.0,71.7,111.2,22.2,5.5,1.85,26.8,97.3
AQI2886,Warsaw,Poland,2024-02-05,2.19,46.7,18.0,87.6,18206.0,28.6,369.0,11.4,50.8,83.9,24.0,14.0,1.86,44.5,83.2
AQI1789,Bangkok,Thailand,2024-02-08,10.37,60.3,141.408227481315,87.9,8306.0,23.6,556.5,1.0,67.7,97.8,28.7,20.1,2.86,44.8,98.3
AQI2157,Madrid,Spain,2024-01-07,6.87,37.2,33.1,92.5,33551.0,34.2,385.5,21.4,27.9,50.3,20.9,4.7,1.39,16.0,44.1
AQI1489,Lagos,Nigeria,2024-02-08,14.99,59.0,26.1,84.5,3314.0,23.4,475.8,8.3,69.9,111.6,30.5,14.2,2.64,29.8,101.6
AQI2402,Hong Kong,China,2024-01-02,7.57,46.2,47.6,99.6,46494.0,47.0,437.9,37.1,49.2,79.4,23.3,8.4,1.91,24.6,72.6
AQI1271,Dhaka,Bangladesh,2024-01-21,20.95,68.2,20.6,89.0,2717.0,9.6,480.2,1.0,80.0,128.5,37.8,17.8,2.61,33.5,118.9
AQI1119,Beijing,China,2024-01-19,21.39,82.2,22.0,88.9,17964.0,12.3,481.5,12.6,73.3,113.9,38.8,26.5,3.25,31.0,106.7
AQI1118,Beijing,China,2024-01-18,21.39,82.2,22.0,88.9,17964.0,12.3,481.5,12.6,81.0,130.7,44.4,23.8,3.56,30.3,119.8
AQI2910,Stockholm,Sweden,2024-01-10,1.81,26.2,69.9,97.7,60164.0,51.8,336.6,37.6,15.6,22.9,14.6,6.0,1.22,12.6,28.7
AQI1757,Bangkok,Thailand,2024-01-07,10.37,60.3,30.7,87.9,8306.0,23.6,556.5,1.0,55.1,81.1,36.4,15.1,2.37,42.0,89.0
AQI2685,Riyadh,Saudi Arabia,2024-02-04,7.97,67.1,3.6,84.6,23083.0,32.3,440.6,1.0,70.5,104.9,29.8,19.0,2.5,41.1,103.4
AQI2832,Ho Chi Minh City,Vietnam,2024-02-01,9.59,55.0,39.4,81.4,4512.0,12.7,422.8,24.8,49.9,96.0,25.1,19.1,2.02,17.5,80.4
AQI1748,Moscow,Russia,2024-02-17,12.52,51.6,49.7,92.2,14053.0,36.7,426.8,24.6,44.6,75.0,29.3,11.7,2.36,27.1,75.2
AQI2089,Paris,France,2024-02-08,11.3,34.0,21.1,93.6,47249.0,52.6,349.0,10.9,35.9,54.7,19.7,10.1,1.09,33.6,54.0
AQI1165,Shanghai,China,2024-01-15,24.43,69.3,25.9,90.4,25603.0,34.8,461.9,5.5,67.4,116.1,41.8,13.0,2.26,45.5,97.1
AQI1587,Los Angeles,USA,2024-02-06,4.01,46.8,42.7,95.8,66782.0,47.0,384.8,40.7,14.7,26.9,24.6,6.3,1.45,23.9,31.1
AQI2490,Nairobi,Kenya,2024-02-09,4.3,40.1,6.0,77.8,2023.0,15.4,453.8,10.3,45.2,76.3,21.4,13.5,2.03,39.8,66.7
AQI2799,Kuala Lumpur,Malaysia,2024-02-18,8.48,52.2,55.3,93.6,11160.0,13.1,473.7,27.7,33.8,46.1,16.2,14.7,2.32,40.1,55.8
AQI1466,Lagos,NIGERIA,2024-01-16,14.99,59.0,26.1,84.5,3314.0,23.4,475.8,8.3,47.8,68.3,30.6,16.7,2.82,43.2,74.8
AQI2154,Madrid,Spain,2024-01-04,6.87,37.2,33.1,92.5,33551.0,34.2,385.5,21.4,34.8,42.3,19.1,10.3,1.26,27.5,54.1
AQI1475,Lagos,Nigeria,2024-01-25,14.99,59.0,26.1,84.5,3314.0,23.4,475.8,8.3,78.7,123.5,33.8,16.9,2.34,35.1,114.1
AQI1143,Beijing,China,2024-02-12,21.39,82.2,22.0,88.9,17964.0,12.3,481.5,12.6,82.2,134.1,44.6,21.2,2.81,58.1,131.6
AQI1114,Beijing,China,2024-01-14,21.39,82.2,22.0,88.9,17964.0,12.3,481.5,12.6,64.9,105.4,46.4,23.2,3.14,31.5,109.8
AQI2085,Paris,France,2024-02-04,11.3,34.0,21.1,93.6,47249.0,52.6,349.0,10.9,54.5,87.0,32.3,1.3,1.7,48.5,84.0
AQI2935,Stockholm,Sweden,2024-02-04,1.81,26.2,69.9,97.7,60164.0,51.8,336.6,37.6,3.0,5.0,21.6,1.0,1.17,32.1,10.0
AQI1379,  Karachi  ,Pakistan,2024-01-29,15.59,72.9,19.0,88.0,1826.0,16.1,522.7,3.1,68.7,119.1,40.0,15.9,2.77,16.1,106.8
AQI1064,Mumbai,India,2024-01-14,12.56,63.8,21.6,97.3,3190.0,17.5,511.8,4.8,55.1,84.8,27.1,23.1,2.43,29.8,84.7
AQI1955,Seoul,South Korea,2024-01-05,9.44,53.5,23.2,93.8,33071.0,41.4,409.7,5.8,45.0,70.5,24.2,11.1,2.55,28.0,81.9
AQI2485,Nairobi,Kenya,2024-02-04,4.3,40.1,6.0,77.8,2023.0,15.4,453.8,10.3,65.4,115.6,27.5,11.3,1.65,23.8,95.0
AQI1187,Shanghai,China,2024-02-06,24.43,69.3,25.9,90.4,25603.0,34.8,461.9,5.5,72.4,113.9,34.1,16.8,2.44,37.8,106.0
AQI1684,Sao Paulo,Brazil,2024-02-03,21.91,48.2,42.3,90.6,12592.0,19.1,482.3,11.2,49.4,72.6,28.4,6.3,1.81,40.4,75.4
AQI1972,Seoul,South Korea,2024-01-22,9.44,53.5,23.2,93.8,33071.0,41.4,409.7,5.8,67.6,124.1,27.9,16.2,2.05,41.5,98.5
AQI2766,Kuala Lumpur,Malaysia,2024-01-16,8.48,52.2,55.3,93.6,11160.0,13.1,473.7,27.7,,78.5,35.4,15.8,1.94,13.8,81.1
AQI1295,Dhaka,Bangladesh,2024-02-14,20.95,68.2,20.6,89.0,2717.0,9.6,480.2,1.0,69.8,115.6,34.6,20.7,,35.3,103.8
AQI2742,TEHRAN,Iran,2024-02-11,8.82,59.2,3.4,82.5,4984.0,11.8,391.7,6.0,77.0,132.4,33.2,21.4,1.74,42.7,112.0
AQI2019,London,UK,2024-01-19,9.16,34.9,30.7,95.0,49864.0,50.8,434.4,21.7,38.2,58.6,16.0,3.2,1.44,46.6,52.5
AQI1287,Dhaka,Bangladesh,2024-02-06,20.95,68.2,20.6,89.0,2717.0,9.6,480.2,1.0,81.9,125.8,33.0,18.0,2.13,28.7,111.7
AQI2869,Warsaw,Poland,2024-01-19,2.19,46.7,18.0,87.6,18206.0,28.6,369.0,11.4,56.0,97.0,25.5,14.5,1.22,39.3,80.6
AQI2988,Wellington,New Zealand,2024-02-07,0.45,20.1,31.4,86.7,48404.0,57.2,253.7,18.9,28.0,48.2,9.7,1.0,1.01,40.8,45.1
AQI1301,Jakarta,Indonesia,2024-01-01,10.45,57.5,49.8,89.5,4903.0,18.6,401.2,15.7,38.5,59.7,35.5,15.5,1.72,35.0,65.6
AQI1834,Manila,Philippines,2024-02-03,13.86,58.9,24.1,87.1,4432.0,15.6,432.2,6.4,72.9,118.7,27.7,18.6,2.18,43.2,94.1
AQI1316,Jakarta,Indonesia,2024-01-16,10.45,57.5,49.8,89.5,4903.0,18.6,401.2,15.7,47.4,83.3,23.8,15.9,2.42,14.7,75.2
AQI1888,Istanbul,Turkey,2024-02-07,15.58,54.7,15.3,88.9,10428.0,22.0,432.0,1.0,71.5,102.0,28.1,21.0,1.65,17.9,90.4
AQI1836,Manila,Philippines,2024-02-05,13.86,58.9,24.1,87.1,4432.0,15.6,432.2,6.4,76.5,134.3,32.6,20.5,2.01,28.4,111.0
AQI1360,Karachi,Pakistan,2024-01-10,15.59,72.9,19.0,88.0,,16.1,522.7,3.1,78.0,126.5,46.3,21.2,2.78,36.6,123.0
AQI1131,Beijing,China,2024-01-31,21.39,82.2,22.0,88.9,17964.0,12.3,481.5,12.6,85.2,133.4,36.9,25.1,2.89,31.1,116.7
AQI2549,Johannesburg,South Africa,2024-02-18,5.55,46.2,6.9,81.4,6932.0,19.9,394.8,1.0,73.2,117.0,24.6,12.4,0.89,55.0,102.0
AQI1652,Sao Paulo,Brazil,2024-01-02,21.91,48.2,42.3,90.6,12592.0,19.1,482.3,11.2,44.9,75.7,20.3,12.8,1.83,41.9,63.6
AQI1190,Shanghai,China,2024-02-09,24.43,69.3,25.9,90.4,25603.0,34.8,461.9,5.5,51.2,78.6,39.2,13.3,2.61,36.0,83.9
AQI1028,Delhi,India,2024-01-28,20.19,77.8,33.4,94.3,2582.0,11.2,593.5,14.9,75.3,120.8,35.4,22.2,3.11,45.8,118.1
AQI1873,Istanbul,Turkey,2024-01-23,15.58,54.7,15.3,88.9,10428.0,22.0,432.0,1.0,48.9,84.2,26.5,13.5,2.9,40.7,76.5
AQI2803,Ho Chi Minh City,Vietnam,2024-01-03,9.59,55.0,39.4,81.4,4512.0,12.7,422.8,24.8,47.2,71.3,36.9,22.4,1.96,37.6,75.8
AQI2776,Kuala Lumpur,Malaysia,2024-01-26,8.48,52.2,55.3,93.6,11160.0,13.1,473.7,27.7,48.0,77.7,27.8,11.9,1.64,51.1,68.3
AQI1740,moscow,Russia,2024-02-09,12.52,51.6,49.7,92.2,14053.0,36.7,426.8,24.6,36.0,65.6,26.6,11.4,2.24,39.5,62.5
AQI2409,Hong Kong,China,2024-01-09,7.57,46.2,47.6,99.6,46494.0,47.0,437.9,37.1,40.5,73.8,22.2,5.7,1.14,23.1,59.4
AQI1766,Bangkok,Thailand,2024-01-16,10.37,60.3,30.7,87.9,8306.0,23.6,556.5,1.0,57.2,77.2,35.5,15.8,2.55,28.3,83.1
AQI2262,Toronto,Canada,2024-01-12,2.62,28.2,28.8,91.2,50568.0,59.3,277.0,22.5,30.9,49.7,21.3,6.4,1.14,37.8,49.6
AQI2931,Stockholm,SWEDEN,2024-01-31,1.81,26.2,69.9,97.7,60164.0,51.8,336.6,37.6,9.1,19.1,24.5,5.7,1.56,26.4,25.7
AQI2578,Buenos Aires,Argentina,2024-01-28,15.51,40.7,16.2,89.5,10293.0,24.9,419.3,1.0,44.2,65.8,21.2,9.3,1.67,39.8,65.2
AQI2519,Johannesburg,South Africa,2024-01-19,5.55,46.2,6.9,81.4,6932.0,19.9,394.8,1.0,68.3,97.6,26.9,15.5,1.37,30.1,88.6
AQI1732,Moscow,Russia,2024-02-01,12.52,51.6,49.7,92.2,14053.0,36.7,426.8,24.6,51.9,84.2,31.6,10.9,1.76,40.1,81.3
AQI2568,Buenos Aires,Argentina,2024-01-18,15.51,40.7,16.2,89.5,10293.0,24.9,419.3,1.0,29.9,64.2,31.1,9.4,1.81,40.6,51.9
AQI2168,Madrid,Spain,2024-01-18,6.87,37.2,33.1,92.5,33551.0,34.2,385.5,21.4,39.6,55.4,17.9,10.4,1.69,40.7,60.6
AQI1267,Dhaka,Bangladesh,2024-01-17,20.95,68.2,20.6,89.0,2717.0,9.6,480.2,1.0,84.1,147.9,39.5,20.4,1.99,31.5,117.7
AQI2245,Rome,Italy,2024-02-14,4.27,37.2,32.0,92.7,35529.0,47.6,322.5,25.5,42.5,72.1,14.6,4.7,1.36,38.0,60.5
AQI2501,Johannesburg,South Africa,2024-01-01,5.55,46.2,6.9,81.4,6932.0,19.9,394.8,1.0,37.8,59.5,25.2,15.8,1.09,27.7,54.8
AQI1076,Mumbai,India,2024-01-26,12.56,63.8,21.6,97.3,3190.0,17.5,511.8,4.8,57.3,94.8,40.3,9.8,2.19,42.5,86.9
AQI2914,Stockholm,Sweden,2024-01-14,1.81,26.2,69.9,97.7,60164.0,51.8,336.6,37.6,3.0,7.9,20.0,1.0,1.32,17.7,17.2
AQI2071,Paris,France,2024-01-21,11.3,34.0,21.1,93.6,47249.0,52.6,349.0,10.9,32.5,49.1,19.3,6.4,1.72,16.7,51.2
AQI1703,Moscow,Russia,2024-01-03,12.52,51.6,49.7,92.2,14053.0,36.7,426.8,24.6,43.6,84.1,38.4,9.1,2.5,36.4,76.5
AQI1818,Manila,Philippines,2024-01-18,13.86,58.9,24.1,87.1,4432.0,15.6,432.2,6.4,45.3,59.1,28.1,14.8,1.99,48.8,75.0
AQI1747,Moscow,Russia,2024-02-16,12.52,51.6,49.7,92.2,14053.0,36.7,426.8,24.6,30.6,45.6,25.8,16.2,1.93,10.5,40.7
AQI2274,Toronto,Canada,2024-01-24,2.62,28.2,28.8,91.2,50568.0,59.3,277.0,22.5,40.1,51.0,7.5,6.1,1.15,41.7,53.8
AQI2313,Sydney,Australia,2024-01-13,5.88,29.5,47.0,94.6,56779.0,56.6,330.3,19.9,28.0,42.4,8.4,3.1,1.5,51.0,36.6
AQI1899,Istanbul,Turkey,2024-02-18,15.58,54.7,15.3,88.9,10428.0,22.0,432.0,1.0,62.6,84.5,21.9,10.5,2.15,34.4,79.5
AQI2383,Singapore,Singapore,2024-02-02,5.42,54.4,23.4,100.0,72404.0,66.4,373.3,13.3,63.8,107.7,31.3,12.9,1.55,36.1,97.0
AQI1181,Shanghai,China,2024-01-31,24.43,69.3,25.9,90.4,25603.0,34.8,461.9,5.5,69.8,116.8,37.6,17.4,2.83,33.2,106.6
AQI1752,Bangkok,Thailand,2024-01-02,10.37,60.3,30.7,87.9,8306.0,23.6,556.5,1.0,53.9,94.3,24.2,11.4,1.77,28.4,80.2
AQI2026,London,UK,2024-01-26,9.16,34.9,30.7,95.0,49864.0,50.8,434.4,21.7,30.9,46.7,15.1,3.9,1.27,26.4,52.5
AQI1801,Manila,Philippines,2024-01-01,13.86,58.9,24.1,87.1,4432.0,15.6,432.2,6.4,60.3,104.9,27.5,16.0,2.28,26.5,90.1
AQI1377,Karachi,Pakistan,2024-01-27,15.59,72.9,19.0,88.0,1826.0,16.1,522.7,3.1,83.4,125.5,40.6,24.1,2.77,48.1,131.4
AQI1650,New York,USA,2024-02-19,8.5,42.2,36.0,94.8,74047.0,58.9,335.3,35.6,39.7,53.8,20.8,7.2,1.79,35.0,61.6
AQI1024,Delhi,India,2024-01-24,20.19,77.8,33.4,94.3,2582.0,11.2,593.5,14.9,67.0,101.8,37.0,20.9,3.05,37.8,105.7
AQI1347,Jakarta,Indonesia,2024-02-16,10.45,57.5,49.8,89.5,4903.0,18.6,401.2,15.7,38.2,65.3,26.1,19.0,2.66,24.9,62.0
AQI2834,Ho Chi Minh City,Vietnam,2024-02-03,9.59,55.0,39.4,81.4,4512.0,12.7,422.8,24.8,47.6,68.2,32.9,13.8,2.41,38.5,74.2
AQI1566,Los Angeles,USA,2024-01-16,4.01,46.8,42.7,95.8,66782.0,47.0,384.8,40.7,37.5,62.7,24.4,6.5,1.81,48.2,61.9
AQI2721,Tehran,Iran,2024-01-21,8.82,59.2,3.4,82.5,4984.0,11.8,391.7,6.0,73.7,122.9,19.5,15.8,2.34,42.2,98.4
AQI1009,Delhi,India,2024-01-09,20.19,77.8,33.4,94.3,2582.0,11.2,593.5,14.9,75.4,128.8,40.7,24.1,3.05,28.5,116.5
AQI1229,Lahore,Pakistan,2024-01-29,11.05,73.1,13.5,85.4,1687.0,22.3,511.7,11.1,68.1,111.6,46.9,16.9,2.6,52.1,104.9
AQI1490,Lagos,Nigeria,2024-02-09,14.99,59.0,26.1,84.5,3314.0,23.4,475.8,8.3,64.0,99.4,24.5,16.2,2.26,41.1,89.8
AQI1214,Lahore,Pakistan,2024-01-14,11.05,73.1,13.5,85.4,1687.0,22.3,511.7,11.1,57.5,94.0,35.8,18.7,2.12,43.1,85.8
AQI2134,Berlin,Germany,2024-02-03,3.43,38.5,31.6,95.6,49941.0,49.6,423.3,25.5,37.7,54.2,22.0,6.8,1.65,46.7,51.4
AQI1562,Los Angeles,USA,2024-01-12,4.01,46.8,42.7,95.8,66782.0,47.0,384.8,40.7,41.7,62.7,21.8,7.2,1.67,49.6,66.6
AQI1450,Cairo,Egypt,2024-02-19,20.65,62.5,7.3,82.7,4267.0,23.4,427.6,2.1,93.0,138.9,30.8,15.0,2.53,28.4,130.3
AQI1735,Moscow,Russia,2024-02-04,12.52,51.6,49.7,92.2,14053.0,36.7,426.8,24.6,29.7,59.6,33.7,8.8,2.09,36.7,61.0
AQI1016,Delhi,India,2024-01-16,20.19,77.8,33.4,94.3,2582.0,11.2,593.5,14.9,90.6,143.7,42.6,21.0,2.59,46.4,134.0
AQI2479,Nairobi,Kenya,2024-01-29,4.3,40.1,6.0,77.8,2023.0,15.4,453.8,10.3,63.5,103.5,23.5,9.9,1.67,35.4,88.7
AQI2780,Kuala Lumpur,Malaysia,2024-01-30,8.48,52.2,55.3,93.6,11160.0,13.1,473.7,27.7,53.6,92.9,25.9,13.1,2.07,51.4,77.9
AQI2699,Riyadh,Saudi Arabia,2024-02-18,7.97,67.1,3.6,84.6,23083.0,32.3,440.6,1.0,72.9,117.6,30.7,20.4,2.37,40.0,113.8
AQI2307,Sydney,Australia,2024-01-07,5.88,29.5,47.0,94.6,56779.0,56.6,330.3,19.9,18.5,31.5,23.4,7.9,1.3,34.3,40.5
AQI2700,Riyadh,SAUDI ARABIA,2024-02-19,7.97,67.1,3.6,84.6,23083.0,32.3,440.6,1.0,83.6,129.7,32.4,18.1,2.33,64.7,120.8
AQI1547,Mexico City,Mexico,2024-02-16,22.38,57.0,35.7,88.2,11525.0,14.1,424.1,3.1,49.9,81.1,36.6,12.1,1.76,,76.2
AQI2159,Madrid,Spain,2024-01-09,6.87,37.2,33.1,92.5,33551.0,34.2,385.5,21.4,34.7,61.7,27.4,6.4,1.37,36.4,59.7
AQI2202,Rome,Italy,2024-01-02,4.27,37.2,32.0,92.7,35529.0,47.6,322.5,25.5,46.6,59.4,15.1,5.8,1.61,37.4,62.8
AQI1355,Karachi,Pakistan,2024-01-05,15.59,72.9,19.0,88.0,1826.0,16.1,522.7,3.1,66.8,105.1,49.6,21.4,2.25,31.5,107.1
AQI2381,Singapore,Singapore,2024-01-31,5.42,54.4,23.4,100.0,72404.0,66.4,373.3,13.3,54.9,81.3,25.9,10.8,1.97,25.3,84.9
AQI1208,Lahore,Pakistan,2024-01-08,11.05,73.1,13.5,85.4,1687.0,22.3,511.7,11.1,80.1,124.8,49.4,18.5,2.65,53.4,129.2
AQI1588,Los Angeles,USA,2024-02-07,4.01,46.8,42.7,95.8,66782.0,47.0,384.8,40.7,33.9,57.1,9.1,7.0,1.41,31.0,47.1
AQI2209,Rome,Italy,2024-01-09,4.27,37.2,32.0,92.7,35529.0,47.6,322.5,25.5,30.7,59.0,19.3,7.6,2.12,21.2,55.4
AQI2975,Wellington,New Zealand,2024-01-25,0.45,20.1,31.4,86.7,48404.0,57.2,253.7,18.9,3.0,6.9,9.9,1.0,1.14,34.8,10.0
AQI1417,Cairo,Egypt,2024-01-17,20.65,62.5,7.3,82.7,4267.0,23.4,427.6,2.1,57.6,86.5,32.8,17.5,1.97,63.0,94.6
AQI2758,Kuala Lumpur,Malaysia,2024-01-08,8.48,52.2,55.3,93.6,11160.0,13.1,473.7,27.7,40.4,55.0,29.8,8.7,2.5,23.5,78.1
AQI2193,Madrid,Spain,2024-02-12,6.87,37.2,33.1,92.5,33551.0,34.2,385.5,21.4,45.9,83.6,21.8,9.7,1.49,21.4,64.8
AQI2173,Madrid,Spain,2024-01-23,6.87,37.2,33.1,92.5,33551.0,34.2,385.5,21.4,45.6,74.0,23.5,7.7,1.65,46.7,71.5
AQI2128,Berlin,Germany,2024-01-28,3.43,38.5,31.6,95.6,49941.0,49.6,423.3,25.5,31.9,38.5,21.1,7.2,1.99,38.8,56.5
AQI1443,Cairo,Egypt,2024-02-12,20.65,62.5,7.3,82.7,4267.0,23.4,427.6,2.1,74.2,119.7,32.9,16.0,,45.0,99.9
AQI2346,Sydney,Australia,2024-02-15,5.88,29.5,47.0,94.6,56779.0,56.6,330.3,19.9,24.1,36.7,12.8,3.5,0.89,32.2,43.6
AQI1829,Manila,PHILIPPINES,2024-01-29,13.86,58.9,24.1,87.1,4432.0,15.6,432.2,6.4,62.9,86.8,39.0,17.0,2.55,20.6,98.6
AQI1537,Mexico City,Mexico,2024-02-06,22.38,57.0,35.7,88.2,11525.0,14.1,424.1,3.1,54.6,83.0,36.4,10.5,2.69,42.9,89.8
AQI1349,Jakarta,Indonesia,2024-02-18,10.45,57.5,49.8,89.5,,18.6,401.2,15.7,45.2,81.0,22.8,16.3,1.97,29.7,74.6
AQI2896,Warsaw,Poland,2024-02-15,2.19,46.7,18.0,87.6,18206.0,28.6,369.0,11.4,37.3,57.9,17.4,11.9,1.41,38.3,55.4
AQI1404,Cairo,Egypt,2024-01-04,20.65,62.5,7.3,82.7,4267.0,23.4,427.6,2.1,69.0,113.4,53.1,11.0,2.83,36.0,107.8
AQI1363,Karachi,Pakistan,2024-01-13,15.59,72.9,19.0,88.0,1826.0,16.1,522.7,3.1,80.5,125.8,28.1,22.0,2.47,25.2,110.2
AQI1027,Delhi,India,2024-01-27,20.19,77.8,33.4,94.3,2582.0,11.2,593.5,14.9,70.2,117.5,42.2,17.4,3.0,38.8,103.2
AQI2652,Riyadh,Saudi Arabia,2024-01-02,7.97,67.1,3.6,84.6,23083.0,32.3,440.6,1.0,67.3,104.3,29.7,19.6,1.82,25.0,95.8
AQI2174,Madrid,Spain,2024-01-24,6.87,37.2,33.1,92.5,33551.0,34.2,385.5,21.4,37.0,67.3,8.3,13.9,1.07,28.8,54.1
AQI1178,Shanghai,China,2024-01-28,24.43,69.3,25.9,90.4,25603.0,34.8,461.9,5.5,74.1,111.9,35.6,21.4,2.6,59.3,111.2
AQI2932,Stockholm,Sweden,2024-02-01,1.81,26.2,69.9,97.7,60164.0,51.8,336.6,37.6,3.0,7.8,15.6,1.8,1.52,17.4,22.0
AQI2888,Warsaw,Poland,2024-02-07,2.19,46.7,18.0,87.6,18206.0,28.6,369.0,11.4,55.5,89.6,15.3,13.1,1.55,64.2,76.8
AQI2821,Ho Chi Minh City,Vietnam,2024-01-21,9.59,55.0,39.4,81.4,4512.0,12.7,422.8,24.8,64.2,99.0,31.7,17.9,1.77,29.2,100.9
AQI1688,Sao Paulo,Brazil,2024-02-07,21.91,48.2,42.3,90.6,12592.0,19.1,482.3,11.2,53.4,89.0,35.6,12.7,2.0,29.2,82.8
AQI1253,DHAKA,Bangladesh,2024-01-03,20.95,68.2,20.6,89.0,2717.0,9.6,480.2,1.0,79.2,132.1,34.9,16.3,1.89,29.7,111.2
AQI1415,Cairo,Egypt,2024-01-15,20.65,62.5,7.3,82.7,4267.0,23.4,427.6,2.1,,87.6,26.6,23.2,2.59,40.0,91.5
AQI1559,Los Angeles,USA,2024-01-09,4.01,46.8,42.7,95.8,66782.0,47.0,384.8,40.7,35.1,59.1,16.6,11.3,0.94,27.3,49.6
AQI1554,Los Angeles,USA,2024-01-04,4.01,46.8,42.7,95.8,66782.0,47.0,384.8,40.7,19.2,42.8,29.8,8.4,1.42,37.1,40.0
AQI1194,Shanghai,China,2024-02-13,24.43,69.3,25.9,90.4,25603.0,34.8,461.9,5.5,67.9,113.0,38.7,21.6,3.02,36.4,100.9
AQI2139,Berlin,Germany,2024-02-08,3.43,38.5,31.6,95.6,49941.0,49.6,423.3,25.5,43.3,66.1,17.8,2.9,1.93,31.4,63.6
AQI1699,Sao Paulo,Brazil,2024-02-18,21.91,48.2,42.3,90.6,12592.0,19.1,482.3,11.2,59.0,89.3,26.4,10.0,1.61,30.4,86.5
AQI2140,Berlin,Germany,2024-02-09,3.43,38.5,31.6,95.6,49941.0,49.6,423.3,25.5,31.4,52.9,16.5,7.1,1.91,43.2,50.8
AQI1446,Cairo,Egypt,2024-02-15,20.65,62.5,7.3,82.7,4267.0,23.4,427.6,2.1,85.1,141.6,42.6,16.0,2.53,61.7,121.7
AQI2838,Ho Chi Minh City,Vietnam,2024-02-07,9.59,55.0,39.4,81.4,4512.0,12.7,422.8,24.8,58.5,86.0,37.6,9.3,2.39,33.3,85.0
AQI2924,Stockholm,Sweden,2024-01-24,1.81,26.2,69.9,97.7,60164.0,51.8,336.6,37.6,13.7,20.9,11.0,1.0,1.05,23.1,24.1
AQI1984,SEOUL,South Korea,2024-02-03,9.44,53.5,23.2,93.8,33071.0,41.4,409.7,5.8,52.1,86.1,19.8,15.2,1.82,36.6,76.1
AQI2851,Warsaw,Poland,2024-01-01,2.19,46.7,18.0,87.6,18206.0,28.6,369.0,11.4,44.2,69.3,32.1,12.8,1.84,42.7,72.5
AQI1452,Lagos,Nigeria,2024-01-02,14.99,59.0,26.1,84.5,3314.0,23.4,475.8,8.3,45.2,73.5,36.1,15.3,3.14,19.4,80.5
AQI2396,Singapore,Singapore,2024-02-15,5.42,54.4,23.4,100.0,72404.0,66.4,373.3,13.3,46.7,83.3,27.5,13.8,1.44,48.4,78.9
AQI1465,Lagos,Nigeria,2024-01-15,14.99,107.70060594821383,26.1,84.5,3314.0,23.4,475.8,8.3,49.6,84.3,35.9,10.6,2.76,41.8,87.2
AQI1682,Sao Paulo,Brazil,2024-02-01,21.91,48.2,42.3,90.6,12592.0,19.1,482.3,11.2,57.8,98.4,35.4,8.8,2.29,40.0,85.6
AQI1459,Lagos,Nigeria,2024-01-09,14.99,59.0,26.1,84.5,3314.0,23.4,475.8,8.3,54.3,85.6,28.2,14.4,2.71,11.2,87.9
AQI2480,Nairobi,Kenya,2024-01-30,4.3,40.1,6.0,77.8,2023.0,15.4,453.8,10.3,63.7,104.0,24.0,12.5,2.02,42.0,93.3
AQI1936,Tokyo,Japan,2024-02-05,37.17,38.7,66.7,94.3,39161.0,45.6,363.2,28.7,41.3,59.3,22.4,9.6,1.83,7.8,53.2
AQI2204,Rome,Italy,2024-01-04,4.27,37.2,32.0,92.7,35529.0,47.6,322.5,25.5,38.4,59.7,24.9,10.2,1.5,31.8,63.5
AQI1741,MOSCOW,Russia,2024-02-10,12.52,51.6,49.7,92.2,14053.0,36.7,426.8,24.6,41.8,65.0,31.7,12.8,1.93,43.4,66.2
AQI1370,Karachi,Pakistan,2024-01-20,15.59,72.9,19.0,88.0,1826.0,16.1,522.7,3.1,61.6,98.6,42.0,17.4,3.11,42.3,102.3
AQI1485,Lagos,Nigeria,2024-02-04,14.99,59.0,26.1,84.5,3314.0,23.4,475.8,8.3,59.0,93.1,30.9,15.0,2.3,25.5,83.7
AQI1673,Sao Paulo,Brazil,2024-01-23,21.91,48.2,42.3,90.6,12592.0,19.1,482.3,11.2,59.1,89.2,31.6,10.6,2.1,31.8,81.6
AQI2184,Madrid,Spain,2024-02-03,6.87,37.2,33.1,92.5,33551.0,34.2,385.5,21.4,35.0,58.8,17.2,8.2,1.12,57.2,47.0
AQI1308,Jakarta,Indonesia,2024-01-08,10.45,57.5,49.8,89.5,4903.0,18.6,401.2,15.7,46.6,83.4,30.9,12.9,2.06,20.0,76.1
AQI1286,Dhaka,Bangladesh,2024-02-05,20.95,68.2,20.6,89.0,2717.0,9.6,480.2,1.0,76.3,117.1,41.9,18.9,2.53,33.6,112.1
AQI2625,santiago,Chile,2024-01-25,6.58,44.2,13.9,88.4,16282.0,29.7,374.4,1.0,71.9,117.2,27.6,11.6,1.68,35.4,99.3
AQI1722,Moscow,Russia,2024-01-22,12.52,51.6,49.7,92.2,14053.0,36.7,426.8,24.6,39.6,58.8,21.8,12.1,1.63,28.4,54.6
AQI1695,Sao Paulo,Brazil,2024-02-14,21.91,48.2,42.3,90.6,12592.0,19.1,482.3,11.2,64.2,102.3,23.5,5.1,1.71,19.9,94.8
AQI2339,Sydney,Australia,2024-02-08,5.88,29.5,47.0,94.6,56779.0,56.6,330.3,19.9,12.1,21.0,22.0,1.0,1.43,38.8,16.2
AQI1864,Istanbul,Turkey,2024-01-14,15.58,54.7,15.3,88.9,10428.0,22.0,432.0,1.0,54.3,89.4,35.1,14.5,2.5,48.5,80.0
AQI2344,Sydney,Australia,2024-02-13,5.88,29.5,47.0,94.6,56779.0,56.6,330.3,19.9,15.3,30.7,13.1,4.8,1.16,34.8,33.1
AQI1665,Sao Paulo,Brazil,2024-01-15,21.91,48.2,42.3,90.6,12592.0,19.1,482.3,11.2,36.9,63.0,31.9,12.6,1.85,36.1,55.5
AQI1946,Tokyo,Japan,2024-02-15,37.17,38.7,66.7,94.3,39161.0,45.6,363.2,28.7,35.5,66.7,23.4,5.9,1.88,7.8,50.3
AQI1937,Tokyo,Japan,2024-02-06,37.17,38.7,66.7,94.3,39161.0,45.6,363.2,28.7,30.4,41.7,24.5,6.1,2.31,27.1,55.3
AQI2412,Hong Kong,China,2024-01-12,7.57,46.2,47.6,99.6,46494.0,47.0,437.9,37.1,45.2,68.2,33.7,7.1,1.9,30.1,69.5
AQI2738,Tehran,Iran,2024-02-07,8.82,59.2,3.4,82.5,4984.0,11.8,391.7,6.0,78.2,126.9,26.1,15.1,1.62,31.0,117.3
AQI2295,Toronto,Canada,2024-02-14,2.62,28.2,28.8,91.2,50568.0,59.3,277.0,22.5,29.1,35.0,23.5,2.7,1.59,48.5,40.8
AQI1098,Mumbai,India,2024-02-17,12.56,63.8,21.6,97.3,3190.0,17.5,511.8,4.8,68.4,111.4,26.9,19.9,2.37,31.5,104.7
AQI1790,Bangkok,Thailand,2024-02-09,10.37,60.3,30.7,87.9,8306.0,23.6,556.5,1.0,62.5,99.1,37.4,12.8,2.18,45.5,93.1
AQI2078,Paris,France,2024-01-28,11.3,34.0,21.1,93.6,47249.0,52.6,8568.766821004248,10.9,47.1,71.1,25.2,5.6,1.12,35.1,73.9
AQI1759,Bangkok,Thailand,2024-01-09,10.37,60.3,30.7,87.9,8306.0,23.6,556.5,1.0,60.8,93.6,31.5,18.9,2.53,34.8,88.1
AQI1140,Beijing,China,2024-02-09,21.39,82.2,22.0,88.9,17964.0,12.3,481.5,12.6,89.2,139.2,44.8,27.2,3.1,37.3,127.6
AQI2347,Sydney,Australia,2024-02-16,5.88,29.5,47.0,94.6,56779.0,56.6,330.3,19.9,20.0,30.6,7.8,4.8,1.39,33.6,31.2
AQI1929,Tokyo,Japan,2024-01-29,37.17,38.7,66.7,94.3,39161.0,45.6,363.2,28.7,40.4,65.9,27.8,4.9,1.65,33.4,59.2
AQI1708,Moscow,Russia,2024-01-08,12.52,51.6,49.7,92.2,14053.0,36.7,426.8,24.6,41.0,58.5,26.3,13.0,1.55,34.6,62.4
AQI2354,Singapore,Singapore,2024-01-04,5.42,54.4,23.4,100.0,72404.0,66.4,373.3,13.3,39.2,63.5,29.7,,1.44,34.0,64.3
AQI2833,Ho Chi Minh City,Vietnam,2024-02-02,9.59,55.0,39.4,81.4,4512.0,12.7,422.8,24.8,54.0,80.0,23.6,13.8,2.15,9.4,82.5
AQI2351,Singapore,Singapore,2024-01-01,5.42,54.4,23.4,100.0,72404.0,66.4,373.3,13.3,50.0,88.9,21.5,16.6,1.97,36.4,74.4
AQI2178,Madrid,Spain,2024-01-28,6.87,37.2,33.1,92.5,33551.0,34.2,385.5,21.4,38.3,57.4,23.8,6.9,1.63,36.6,59.1
AQI2698,Riyadh,Saudi Arabia,2024-02-17,7.97,67.1,3.6,84.6,23083.0,32.3,440.6,1.0,75.9,128.4,27.2,20.4,2.02,40.5,112.2
AQI1129,Beijing,China,2024-01-29,21.39,82.2,22.0,88.9,17964.0,12.3,481.5,12.6,89.8,137.4,42.6,20.9,3.18,21.5,125.9
AQI2153,Madrid,Spain,2024-01-03,6.87,37.2,33.1,92.5,33551.0,34.2,385.5,21.4,44.3,72.2,18.5,8.6,1.43,52.2,64.5
AQI2039,London,UK,2024-02-08,9.16,34.9,30.7,95.0,49864.0,50.8,434.4,21.7,36.2,59.7,16.3,6.2,1.2,41.7,62.7
AQI2299,Toronto,Canada,2024-02-18,2.62,28.2,28.8,91.2,50568.0,59.3,277.0,22.5,47.0,69.3,10.8,1.9,1.18,25.0,64.1
AQI2359,Singapore,Singapore,2024-01-09,5.42,54.4,23.4,100.0,72404.0,66.4,373.3,13.3,36.3,65.0,32.9,8.1,2.3,35.1,64.2
AQI1523,Mexico City,Mexico,2024-01-23,22.38,57.0,35.7,88.2,11525.0,14.1,424.1,3.1,59.3,95.9,26.5,14.1,1.56,36.4,92.4
AQI1265,Dhaka,Bangladesh,2024-01-15,20.95,68.2,20.6,89.0,2717.0,9.6,480.2,1.0,67.6,117.7,39.1,18.1,2.74,33.6,109.5
AQI2796,Kuala Lumpur,Malaysia,2024-02-15,8.48,52.2,55.3,93.6,11160.0,13.1,473.7,27.7,39.9,56.9,18.2,14.4,2.14,31.8,53.9
AQI1922,Tokyo,Japan,2024-01-22,37.17,38.7,66.7,94.3,39161.0,45.6,363.2,28.7,44.7,63.8,26.8,8.7,2.0,29.4,58.2
AQI2588,Buenos Aires,Argentina,2024-02-07,15.51,40.7,16.2,89.5,10293.0,24.9,419.3,1.0,61.0,94.8,32.2,6.3,2.18,29.9,79.0
AQI1632,New York,USA,2024-02-01,8.5,42.2,36.0,94.8,74047.0,58.9,335.3,35.6,46.6,77.5,32.3,11.5,1.94,20.7,75.6
AQI1499,Lagos,Nigeria,2024-02-18,14.99,59.0,26.1,84.5,3314.0,23.4,475.8,8.3,67.0,113.6,32.5,18.0,2.19,49.2,101.6
AQI2643,Santiago,Chile,2024-02-12,6.58,44.2,13.9,88.4,16282.0,29.7,374.4,1.0,58.9,95.7,23.1,13.5,1.18,38.8,82.5
AQI2325,Sydney,Australia,2024-01-25,5.88,29.5,47.0,94.6,56779.0,56.6,330.3,19.9,11.3,25.9,15.5,7.3,1.17,35.6,26.4
AQI2657,Riyadh,Saudi Arabia,2024-01-07,7.97,67.1,3.6,84.6,23083.0,32.3,440.6,1.0,66.3,99.4,32.5,11.6,2.4,44.0,104.5
AQI1906,Tokyo,Japan,2024-01-06,37.17,38.7,66.7,94.3,39161.0,45.6,363.2,28.7,17.6,30.6,33.1,6.3,1.6,39.6,40.5
AQI1433,Cairo,Egypt,2024-02-02,20.65,62.5,7.3,82.7,4267.0,23.4,427.6,2.1,83.4,136.9,32.8,19.0,2.1,47.5,126.8
AQI2913,Stockholm,Sweden,2024-01-13,1.81,26.2,69.9,97.7,60164.0,51.8,336.6,37.6,14.5,28.7,9.4,3.1,1.01,14.6,20.1
AQI2280,Toronto,Canada,2024-01-30,2.62,28.2,28.8,91.2,50568.0,59.3,277.0,22.5,28.9,50.3,19.9,6.9,1.12,23.1,40.2
AQI1069,Mumbai,India,2024-01-19,12.56,63.8,21.6,97.3,3190.0,17.5,511.8,4.8,65.2,99.2,40.7,18.8,2.11,34.9,92.4
AQI1928,Tokyo,Japan,2024-01-28,37.17,38.7,66.7,94.3,39161.0,45.6,363.2,28.7,45.8,68.2,23.2,3.0,2.41,35.5,63.6
AQI2428,Hong Kong,China,2024-01-28,7.57,46.2,47.6,99.6,46494.0,47.0,437.9,37.1,35.3,44.1,26.5,13.0,2.15,26.2,56.3
AQI2196,Madrid,Spain,2024-02-15,6.87,37.2,33.1,92.5,33551.0,34.2,385.5,21.4,58.3,92.7,25.9,6.6,1.8,44.3,84.6
AQI2982,Wellington,New Zealand,2024-02-01,0.45,20.1,31.4,86.7,48404.0,57.2,253.7,18.9,21.3,22.3,6.1,5.9,0.97,32.1,35.8
AQI1574,Los Angeles,USA,2024-01-24,4.01,46.8,42.7,95.8,66782.0,47.0,384.8,40.7,48.0,75.5,24.5,13.0,1.51,49.2,63.9
AQI1335,Jakarta,Indonesia,2024-02-04,10.45,57.5,49.8,89.5,4903.0,18.6,401.2,15.7,46.6,65.9,24.5,10.8,2.12,33.2,65.6
AQI1339,Jakarta,Indonesia,2024-02-08,10.45,57.5,49.8,89.5,4903.0,18.6,401.2,15.7,46.0,73.4,21.5,15.4,2.23,31.9,76.0
AQI1842,Manila,Philippines,2024-02-11,13.86,58.9,24.1,87.1,4432.0,15.6,432.2,6.4,62.4,98.0,31.2,18.9,1.73,16.7,86.8
AQI1384,Karachi,Pakistan,2024-02-03,15.59,72.9,19.0,88.0,1826.0,16.1,522.7,3.1,74.1,120.0,31.7,21.3,2.6,54.7,117.4
AQI2486,Nairobi,Kenya,2024-02-05,4.3,40.1,6.0,77.8,2023.0,15.4,453.8,10.3,49.2,74.0,15.5,9.6,1.75,41.8,67.1
AQI1056,Mumbai,India,2024-01-06,12.56,63.8,21.6,97.3,3190.0,17.5,511.8,4.8,56.5,90.5,33.4,15.8,2.61,26.1,85.7
AQI2939,Stockholm,Sweden,2024-02-08,1.81,26.2,69.9,97.7,60164.0,51.8,336.6,37.6,12.0,16.2,8.4,1.0,1.44,49.2,30.1
AQI1770,Bangkok,Thailand,2024-01-20,10.37,60.3,30.7,87.9,8306.0,23.6,556.5,1.0,63.6,105.6,33.1,19.0,1.97,40.4,97.8
AQI2279,Toronto,Canada,2024-01-29,2.62,28.2,28.8,91.2,50568.0,59.3,277.0,22.5,27.2,40.8,16.1,5.8,1.56,47.6,41.2
AQI2532,Johannesburg,South Africa,2024-02-01,5.55,46.2,6.9,81.4,6932.0,19.9,394.8,1.0,58.3,97.1,18.4,14.4,1.91,42.7,83.4
AQI2114,Berlin,Germany,2024-01-14,3.43,38.5,31.6,95.6,49941.0,49.6,423.3,25.5,38.8,56.2,23.9,7.7,1.14,26.0,53.8
AQI2679,Riyadh,Saudi Arabia,2024-01-29,7.97,67.1,3.6,84.6,23083.0,32.3,440.6,1.0,78.8,127.3,29.8,19.9,2.47,51.0,118.5
AQI1171,Shanghai,China,2024-01-21,24.43,69.3,25.9,90.4,25603.0,34.8,461.9,5.5,72.5,118.5,36.3,17.4,2.57,34.6,111.7
AQI2709,Tehran,Iran,2024-01-09,8.82,59.2,3.4,82.5,4984.0,11.8,391.7,6.0,84.0,129.8,34.4,15.8,1.73,40.5,119.2
AQI1949,Tokyo,Japan,2024-02-18,37.17,38.7,66.7,94.3,39161.0,45.6,363.2,28.7,24.7,43.6,26.1,4.6,2.14,23.9,43.6
AQI1327,Jakarta,Indonesia,2024-01-27,10.45,57.5,49.8,89.5,4903.0,18.6,401.2,15.7,46.1,69.8,32.6,15.1,2.21,27.3,61.2
AQI1504,Mexico City,Mexico,2024-01-04,22.38,57.0,35.7,88.2,11525.0,14.1,424.1,3.1,49.3,79.1,32.1,14.1,2.33,41.6,81.1
AQI1993,Seoul,South Korea,2024-02-12,9.44,53.5,23.2,93.8,33071.0,41.4,409.7,5.8,61.9,96.8,17.7,12.4,1.27,40.1,79.9
AQI1410,Cairo,Egypt,2024-01-10,20.65,62.5,7.3,82.7,4267.0,23.4,427.6,2.1,80.7,125.5,32.3,12.3,2.19,48.9,110.9
AQI2516,Johannesburg,South Africa,2024-01-16,5.55,46.2,6.9,81.4,6932.0,19.9,394.8,1.0,53.2,80.3,19.7,13.5,1.37,48.9,72.9
AQI1298,Dhaka,Bangladesh,2024-02-17,20.95,68.2,20.6,89.0,2717.0,9.6,480.2,1.0,86.5,142.8,39.9,20.3,2.54,43.6,128.3
AQI1876,Istanbul,Turkey,2024-01-26,15.58,54.7,15.3,88.9,10428.0,22.0,432.0,1.0,67.1,105.1,33.0,14.3,1.79,33.7,96.2
AQI2800,Kuala Lumpur,Malaysia,2024-02-19,8.48,52.2,55.3,93.6,11160.0,13.1,473.7,27.7,27.0,37.1,28.2,12.6,2.01,35.4,47.7
AQI2181,Madrid,Spain,2024-01-31,6.87,37.2,33.1,92.5,33551.0,34.2,385.5,21.4,32.2,47.8,14.6,10.0,1.89,35.3,46.0
AQI1833,Manila,Philippines,2024-02-02,13.86,58.9,24.1,87.1,4432.0,15.6,432.2,6.4,56.4,102.9,30.8,11.6,2.59,37.6,92.1
AQI1706,Moscow,Russia,2024-01-06,12.52,51.6,49.7,92.2,14053.0,36.7,426.8,24.6,29.4,51.2,27.5,10.8,1.88,29.5,56.3
AQI2797,Kuala Lumpur,Malaysia,2024-02-16,8.48,52.2,55.3,93.6,11160.0,13.1,473.7,27.7,56.9,88.0,30.0,7.9,2.02,34.6,84.3
AQI1672,Sao Paulo,BRAZIL,2024-01-22,21.91,48.2,42.3,90.6,12592.0,19.1,482.3,11.2,45.0,76.5,18.9,13.4,1.91,36.7,67.1
AQI1649,New York,USA,2024-02-18,8.5,42.2,36.0,94.8,74047.0,58.9,335.3,35.6,46.4,75.0,20.8,12.1,1.79,50.8,63.1
AQI1448,Cairo,Egypt,2024-02-17,20.65,62.5,7.3,82.7,4267.0,23.4,427.6,2.1,81.8,132.2,39.8,14.4,2.11,31.2,120.2
AQI2681,Riyadh,Saudi Arabia,2024-01-31,7.97,67.1,3.6,84.6,23083.0,32.3,440.6,1.0,73.2,116.6,39.3,16.2,2.22,16.1,114.0
AQI2539,Johannesburg,South Africa,2024-02-08,5.55,46.2,6.9,81.4,6932.0,19.9,394.8,1.0,68.5,110.1,22.7,10.3,1.37,52.0,97.5
AQI2965,Wellington,New Zealand,2024-01-15,0.45,20.1,31.4,86.7,48404.0,57.2,253.7,18.9,13.4,16.0,10.1,1.0,0.63,38.0,32.8
AQI2617,Santiago,Chile,2024-01-17,6.58,44.2,13.9,88.4,16282.0,29.7,374.4,1.0,46.6,77.4,28.8,8.9,1.66,42.5,68.9
AQI2615,Santiago,Chile,2024-01-15,6.58,44.2,13.9,88.4,16282.0,29.7,374.4,1.0,41.1,75.3,28.1,11.1,1.75,35.4,68.7
AQI1532,mexico city,Mexico,2024-02-01,22.38,57.0,35.7,88.2,11525.0,14.1,424.1,3.1,62.6,100.4,21.7,16.6,2.46,24.7,92.6
AQI1408,Cairo,Egypt,2024-01-08,20.65,62.5,7.3,82.7,4267.0,23.4,427.6,2.1,74.3,117.8,33.1,17.5,2.39,37.7,108.3
AQI1200,Shanghai,China,2024-02-19,24.43,69.3,25.9,90.4,25603.0,34.8,461.9,5.5,58.1,105.3,31.7,17.1,2.47,39.2,94.7
AQI1474,Lagos,Nigeria,2024-01-24,14.99,59.0,26.1,84.5,3314.0,23.4,475.8,8.3,53.9,85.8,31.0,21.2,1.87,41.1,89.7
AQI1739,Moscow,Russia,2024-02-08,12.52,51.6,49.7,92.2,14053.0,36.7,426.8,24.6,33.5,61.8,24.4,13.9,2.48,37.1,51.4
AQI1726,Moscow,Russia,2024-01-26,12.52,51.6,49.7,92.2,14053.0,36.7,426.8,24.6,38.0,67.0,25.7,8.6,2.29,29.2,59.5
AQI1743,Moscow,Russia,2024-02-12,12.52,51.6,49.7,92.2,14053.0,36.7,426.8,24.6,38.5,60.0,19.9,10.5,1.95,37.9,60.8
AQI1217,Lahore,PAKISTAN,2024-01-17,11.05,73.1,13.5,85.4,1687.0,22.3,511.7,11.1,65.5,99.9,35.4,21.2,2.87,29.9,106.0
AQI1254,Dhaka,Bangladesh,2024-01-04,20.95,68.2,20.6,89.0,2717.0,9.6,480.2,1.0,58.7,93.1,36.6,18.3,2.34,38.6,92.1
AQI1153,Shanghai,China,2024-01-03,24.43,69.3,25.9,90.4,25603.0,34.8,461.9,5.5,63.4,89.4,41.8,18.8,2.85,7.2,104.8
AQI1919,Tokyo,Japan,2024-01-19,37.17,38.7,66.7,94.3,39161.0,45.6,363.2,28.7,32.5,41.2,25.1,6.7,1.79,14.6,57.5
AQI2224,Rome,Italy,2024-01-24,4.27,37.2,32.0,92.7,35529.0,47.6,322.5,25.5,25.2,33.1,21.9,7.0,1.3,45.4,42.1
AQI2253,Toronto,Canada,2024-01-03,2.62,28.2,28.8,91.2,50568.0,59.3,277.0,22.5,21.5,42.4,18.7,1.3,1.24,35.2,40.2
AQI2705,Tehran,IRAN,2024-01-05,8.82,59.2,3.4,82.5,4984.0,11.8,391.7,6.0,74.9,113.2,22.4,17.0,1.41,51.8,108.2
AQI2983,Wellington,New Zealand,2024-02-02,0.45,20.1,31.4,86.7,48404.0,57.2,253.7,18.9,13.7,20.6,11.4,1.0,0.94,33.4,16.6
AQI2084,Paris,France,2024-02-03,11.3,34.0,21.1,93.6,47249.0,52.6,349.0,10.9,61.2,89.4,12.9,10.5,1.71,26.6,84.9
AQI2611,Santiago,Chile,2024-01-11,6.58,44.2,13.9,88.4,16282.0,29.7,374.4,1.0,57.5,100.4,30.5,11.7,1.89,51.6,83.7
AQI2830,Ho Chi Minh City,Vietnam,2024-01-30,9.59,55.0,39.4,81.4,4512.0,12.7,422.8,24.8,51.2,83.6,20.9,14.2,1.61,37.7,64.3
AQI1531,Mexico City,Mexico,2024-01-31,22.38,57.0,35.7,88.2,11525.0,14.1,424.1,3.1,50.4,74.5,24.6,9.8,1.85,36.2,68.8
AQI2138,Berlin,Germany,2024-02-07,3.43,38.5,31.6,95.6,49941.0,49.6,423.3,25.5,35.7,63.7,20.2,9.4,2.15,37.9,55.6
AQI2250,Rome,Italy,2024-02-19,4.27,37.2,32.0,92.7,35529.0,47.6,322.5,25.5,41.2,60.0,18.2,6.6,1.49,38.5,62.3
AQI1241,Lahore,Pakistan,2024-02-10,11.05,73.1,13.5,85.4,1687.0,22.3,511.7,11.1,82.8,130.9,40.3,22.0,2.32,48.8,117.3
AQI2858,Warsaw,Poland,2024-01-08,2.19,46.7,18.0,87.6,18206.0,28.6,369.0,11.4,53.9,75.1,20.2,10.2,1.2,52.2,67.6
AQI1987,Seoul,South Korea,2024-02-06,9.44,53.5,23.2,93.8,33071.0,41.4,409.7,5.8,50.2,81.0,28.6,10.0,1.87,34.5,83.2
AQI1188,Shanghai,China,2024-02-07,24.43,69.3,25.9,90.4,25603.0,34.8,461.9,5.5,71.5,117.0,43.2,20.6,2.11,10.6,109.6
AQI1247,Lahore,Pakistan,2024-02-16,11.05,73.1,13.5,85.4,1687.0,22.3,511.7,11.1,80.6,119.4,35.3,17.6,3.25,36.2,116.9
AQI2410,Hong Kong,China,2024-01-10,7.57,46.2,47.6,99.6,46494.0,47.0,437.9,37.1,47.2,79.6,25.9,7.9,1.7,46.9,72.5
AQI2390,SINGAPORE,Singapore,2024-02-09,5.42,54.4,,100.0,72404.0,66.4,373.3,13.3,47.1,74.1,33.1,14.4,1.96,27.6,68.0
AQI2471,Nairobi,Kenya,2024-01-21,4.3,40.1,6.0,77.8,2023.0,15.4,453.8,10.3,67.6,105.0,19.3,13.4,1.27,27.0,96.4
AQI2637,Santiago,Chile,2024-02-06,6.58,44.2,13.9,88.4,16282.0,29.7,374.4,1.0,57.6,87.7,18.5,16.3,1.64,27.9,78.8
AQI1693,Sao Paulo,Brazil,2024-02-12,21.91,48.2,42.3,90.6,12592.0,19.1,482.3,11.2,50.2,86.6,28.2,12.9,2.05,23.4,75.9
AQI1303,Jakarta,Indonesia,2024-01-03,10.45,57.5,49.8,89.5,4903.0,18.6,401.2,15.7,49.8,79.2,27.5,14.3,1.81,53.4,67.9
AQI1284,Dhaka,Bangladesh,2024-02-03,20.95,68.2,20.6,89.0,2717.0,9.6,480.2,1.0,70.6,117.9,31.4,20.4,2.69,47.5,119.5
AQI2567,Buenos Aires,Argentina,2024-01-17,15.51,40.7,16.2,89.5,10293.0,24.9,419.3,1.0,57.0,88.9,19.0,9.3,1.78,21.0,83.5
AQI1506,Mexico City,Mexico,2024-01-06,22.38,57.0,35.7,88.2,11525.0,14.1,424.1,3.1,53.4,96.9,26.8,12.1,2.44,19.2,78.6
AQI2926,Stockholm,Sweden,2024-01-26,1.81,26.2,69.9,97.7,60164.0,51.8,336.6,37.6,5.0,12.9,12.7,1.0,1.35,38.6,17.4
AQI1322,Jakarta,Indonesia,2024-01-22,10.45,57.5,49.8,89.5,4903.0,18.6,401.2,15.7,47.2,87.5,44.7,15.7,2.0,37.9,83.4
AQI2655,Riyadh,Saudi Arabia,2024-01-05,7.97,67.1,3.6,84.6,23083.0,32.3,440.6,1.0,70.9,114.3,39.0,19.6,2.13,16.2,102.0
AQI2258,Toronto,Canada,2024-01-08,2.62,28.2,28.8,91.2,50568.0,59.3,277.0,22.5,35.2,58.1,20.3,5.1,0.75,10.5,50.7
AQI2309,Sydney,Australia,2024-01-09,5.88,29.5,47.0,94.6,56779.0,56.6,330.3,19.9,17.2,29.4,12.3,1.0,0.69,45.2,26.3
AQI1622,New York,USA,2024-01-22,8.5,42.2,36.0,94.8,74047.0,58.9,335.3,35.6,32.7,59.2,23.4,11.7,1.69,23.0,47.0
AQI2574,Buenos Aires,Argentina,2024-01-24,15.51,40.7,16.2,89.5,10293.0,24.9,419.3,1.0,59.7,102.1,29.8,15.8,1.66,30.4,91.6
AQI2040,London,UK,2024-02-09,9.16,34.9,30.7,95.0,49864.0,50.8,434.4,21.7,62.3,100.2,24.1,1.1,2.11,43.2,85.5
AQI1123,beijing,China,2024-01-23,21.39,82.2,22.0,88.9,17964.0,12.3,481.5,12.6,79.3,134.0,54.6,21.4,2.67,47.1,125.0
AQI1979,Seoul,South Korea,2024-01-29,9.44,53.5,23.2,93.8,33071.0,41.4,409.7,5.8,67.3,115.8,34.1,17.2,2.07,36.8,104.2
AQI1511,mexico city,Mexico,2024-01-11,22.38,57.0,35.7,88.2,11525.0,14.1,424.1,3.1,55.4,102.0,29.7,12.4,2.32,37.8,91.8
AQI1281,Dhaka,Bangladesh,2024-01-31,20.95,68.2,20.6,89.0,2717.0,9.6,480.2,1.0,79.1,132.2,28.2,16.7,2.3,27.5,116.1
AQI2252,Toronto,Canada,2024-01-02,,28.2,28.8,91.2,50568.0,59.3,277.0,22.5,14.3,20.7,16.1,5.6,1.59,,35.3
AQI2242,Rome,Italy,2024-02-11,4.27,37.2,32.0,92.7,35529.0,47.6,322.5,25.5,36.6,58.2,17.6,6.3,1.59,25.8,49.1
AQI2385,Singapore,Singapore,2024-02-04,5.42,54.4,23.4,100.0,72404.0,66.4,373.3,13.3,45.5,77.5,29.9,12.7,2.28,31.1,71.3
AQI1986,Seoul,South Korea,2024-02-05,9.44,53.5,23.2,93.8,33071.0,41.4,409.7,5.8,41.9,65.4,27.3,18.7,2.19,51.9,71.3
AQI2839,Ho Chi Minh City,Vietnam,2024-02-08,9.59,55.0,39.4,81.4,4512.0,12.7,422.8,24.8,53.9,90.0,23.6,11.5,2.24,17.0,76.4
AQI2051,Paris,France,2024-01-01,11.3,34.0,21.1,93.6,47249.0,52.6,349.0,10.9,45.7,70.7,11.9,1.0,1.87,43.0,64.9
AQI1678,Sao Paulo,Brazil,2024-01-28,21.91,48.2,42.3,90.6,12592.0,19.1,482.3,11.2,69.8,114.8,29.2,14.9,2.85,42.4,107.9
AQI1519,Mexico City,Mexico,2024-01-19,22.38,57.0,35.7,88.2,11525.0,14.1,424.1,3.1,64.0,101.4,47.7,21.5,2.16,33.6,103.2
AQI2011,london,UK,2024-01-11,9.16,34.9,30.7,95.0,49864.0,50.8,434.4,21.7,28.6,39.8,23.6,5.1,1.4,29.0,48.3
AQI2958,Wellington,New Zealand,2024-01-08,0.45,20.1,31.4,86.7,48404.0,57.2,253.7,18.9,19.7,29.6,6.1,1.0,1.22,17.0,37.3
AQI1068,Mumbai,India,2024-01-18,12.56,63.8,21.6,97.3,3190.0,17.5,511.8,4.8,53.0,80.9,27.7,22.2,2.69,36.7,89.7
AQI1333,Jakarta,Indonesia,2024-02-02,10.45,57.5,49.8,89.5,4903.0,18.6,401.2,15.7,39.2,57.1,30.8,13.7,2.07,24.9,61.3
AQI1569,LOS ANGELES,USA,2024-01-19,4.01,46.8,42.7,95.8,66782.0,47.0,384.8,40.7,24.1,37.7,21.2,9.9,1.64,13.5,38.7
AQI1858,Istanbul,TURKEY,2024-01-08,15.58,54.7,15.3,88.9,10428.0,22.0,432.0,1.0,64.3,106.5,28.2,14.7,2.0,22.9,94.0
AQI2195,Madrid,Spain,2024-02-14,6.87,37.2,33.1,92.5,33551.0,34.2,385.5,21.4,30.4,44.2,22.7,7.8,1.87,36.9,47.7
AQI2430,Hong Kong,China,2024-01-30,7.57,46.2,47.6,99.6,46494.0,47.0,437.9,37.1,38.3,68.2,23.5,4.6,2.13,49.7,58.7
AQI2029,London,UK,2024-01-29,9.16,34.9,30.7,95.0,,50.8,434.4,21.7,46.9,79.6,28.8,5.0,1.27,30.3,70.0
AQI1473,Lagos,Nigeria,2024-01-23,14.99,59.0,26.1,84.5,3314.0,23.4,475.8,8.3,69.0,107.0,27.3,15.5,2.54,37.5,91.5
AQI2083,Paris,France,2024-02-02,11.3,34.0,21.1,93.6,47249.0,52.6,349.0,10.9,42.7,70.1,23.4,4.3,1.51,38.1,58.6
AQI1512,Mexico City,Mexico,2024-01-12,22.38,57.0,35.7,88.2,11525.0,14.1,424.1,3.1,44.3,75.3,34.5,14.2,2.31,44.9,77.4
AQI1478,Lagos,Nigeria,2024-01-28,14.99,59.0,26.1,84.5,3314.0,23.4,475.8,8.3,56.9,87.5,31.0,16.5,2.41,18.3,90.0
AQI2276,Toronto,Canada,2024-01-26,2.62,28.2,28.8,91.2,50568.0,59.3,277.0,22.5,31.5,41.2,11.9,3.5,1.46,29.6,48.9
AQI2398,Singapore,Singapore,2024-02-17,5.42,54.4,23.4,100.0,72404.0,66.4,373.3,13.3,54.0,93.6,22.7,14.8,1.65,28.0,83.3
AQI1319,Jakarta,Indonesia,2024-01-19,10.45,57.5,49.8,89.5,4903.0,18.6,401.2,15.7,54.2,80.9,26.8,15.2,2.29,30.0,77.3
AQI1948,Tokyo,Japan,2024-02-17,37.17,38.7,66.7,94.3,39161.0,45.6,363.2,28.7,33.5,53.9,25.2,8.0,1.74,39.8,48.6
AQI2716,Tehran,Iran,2024-01-16,8.82,59.2,3.4,82.5,4984.0,11.8,391.7,6.0,72.3,117.1,22.3,16.0,1.87,34.9,94.3
AQI2068,Paris,France,2024-01-18,11.3,34.0,21.1,93.6,47249.0,52.6,349.0,10.9,35.9,46.1,29.6,3.5,1.17,47.9,51.9
AQI1582,Los Angeles,USA,2024-02-01,4.01,46.8,42.7,95.8,66782.0,47.0,384.8,40.7,23.5,34.9,27.4,8.7,1.67,43.5,39.1
AQI1133,Beijing,China,2024-02-02,21.39,82.2,22.0,88.9,17964.0,12.3,481.5,12.6,81.9,132.5,40.8,24.0,2.45,51.1,120.0
AQI2918,Stockholm,Sweden,2024-01-18,1.81,26.2,69.9,97.7,60164.0,51.8,336.6,37.6,8.5,22.7,7.6,4.8,1.46,36.5,26.7
AQI1839,Manila,Philippines,2024-02-08,13.86,58.9,24.1,87.1,4432.0,15.6,432.2,6.4,56.6,87.2,29.6,18.2,2.08,20.5,89.1
AQI2237,Rome,Italy,2024-02-06,4.27,37.2,32.0,92.7,35529.0,47.6,322.5,25.5,23.8,26.0,18.2,5.2,1.49,36.5,29.7
AQI1857,Istanbul,Turkey,2024-01-07,15.58,54.7,15.3,88.9,10428.0,22.0,432.0,1.0,67.3,104.3,29.5,17.4,1.97,37.2,96.4
AQI2947,Stockholm,Sweden,2024-02-16,1.81,26.2,69.9,97.7,60164.0,51.8,336.6,37.6,11.5,16.0,9.0,1.0,1.58,32.0,25.3
AQI1369,Karachi,Pakistan,2024-01-19,15.59,72.9,19.0,88.0,1826.0,16.1,522.7,3.1,87.0,137.9,33.3,18.1,2.33,29.3,119.7
AQI1733,Moscow,Russia,2024-02-02,12.52,51.6,49.7,92.2,14053.0,36.7,426.8,24.6,50.2,80.3,24.4,6.5,2.26,36.8,70.0
AQI2361,Singapore,Singapore,2024-01-11,5.42,54.4,23.4,100.0,72404.0,66.4,5712.8750635544175,13.3,51.5,86.3,26.0,8.4,1.68,48.0,74.2
AQI1126,Beijing,China,2024-01-26,21.39,82.2,22.0,88.9,17964.0,12.3,481.5,12.6,73.8,120.3,40.0,23.0,3.21,38.6,112.7
AQI2805,Ho Chi Minh City,Vietnam,2024-01-05,9.59,55.0,39.4,81.4,4512.0,12.7,422.8,24.8,49.8,79.5,34.9,15.0,1.6,11.8,71.0
AQI2038,London,UK,2024-02-07,9.16,34.9,30.7,95.0,49864.0,50.8,434.4,21.7,30.4,49.8,12.4,6.5,1.23,40.0,41.4
AQI1257,Dhaka,Bangladesh,2024-01-07,20.95,68.2,20.6,89.0,2717.0,9.6,480.2,1.0,66.4,95.0,33.5,19.2,2.58,26.6,102.9
AQI2963,Wellington,New Zealand,2024-01-13,0.45,20.1,31.4,86.7,48404.0,57.2,253.7,18.9,20.6,38.6,18.2,1.0,1.56,25.2,41.3
AQI2107,Berlin,Germany,2024-01-07,-3.43,38.5,31.6,95.6,49941.0,49.6,423.3,25.5,28.0,45.6,21.9,3.0,1.83,48.7,46.3
AQI1290,Dhaka,Bangladesh,2024-02-09,20.95,68.2,20.6,89.0,2717.0,9.6,480.2,1.0,85.9,137.9,37.2,,2.44,43.1,128.4
AQI1778,  Bangkok  ,Thailand,2024-01-28,10.37,60.3,30.7,87.9,8306.0,23.6,556.5,1.0,65.0,105.6,26.8,15.4,2.26,32.0,92.4
AQI1082,Mumbai,India,2024-02-01,12.56,63.8,21.6,97.3,3190.0,17.5,511.8,4.8,85.8,138.4,34.4,15.8,2.17,45.1,116.6
AQI1054,Mumbai,India,2024-01-04,12.56,63.8,21.6,97.3,3190.0,17.5,511.8,4.8,75.8,127.0,30.2,14.5,2.57,23.6,117.9
AQI1902,Tokyo,Japan,2024-01-02,37.17,38.7,66.7,94.3,39161.0,45.6,363.2,28.7,29.4,44.8,20.2,5.5,2.05,17.9,51.2
AQI2269,Toronto,Canada,2024-01-19,2.62,28.2,28.8,91.2,50568.0,59.3,277.0,22.5,39.6,60.9,24.7,10.0,1.1,29.9,62.0
AQI1558,Los Angeles,USA,2024-01-08,4.01,46.8,42.7,95.8,66782.0,47.0,384.8,40.7,35.1,43.7,21.8,14.5,1.85,25.0,53.6
AQI1041,Delhi,India,2024-02-10,20.19,77.8,33.4,94.3,2582.0,11.2,593.5,14.9,79.4,123.3,40.0,19.6,2.77,43.5,118.1
AQI2126,Berlin,Germany,2024-01-26,3.43,38.5,31.6,95.6,49941.0,49.6,423.3,25.5,30.0,48.7,21.1,3.0,1.95,26.4,48.8
AQI1262,Dhaka,Bangladesh,2024-01-12,20.95,68.2,20.6,89.0,2717.0,9.6,480.2,1.0,80.0,124.6,35.2,13.9,2.29,46.6,121.6
AQI1985,Seoul,South Korea,2024-02-04,9.44,53.5,23.2,93.8,33071.0,41.4,409.7,5.8,45.4,65.7,32.2,14.0,2.3,39.8,72.1
AQI2424,Hong Kong,China,2024-01-24,7.57,46.2,47.6,99.6,46494.0,47.0,437.9,37.1,36.2,55.9,27.2,10.0,2.19,45.8,61.2
AQI1084,Mumbai,India,2024-02-03,12.56,63.8,21.6,97.3,3190.0,17.5,511.8,4.8,60.3,93.8,35.0,19.4,2.15,45.5,97.8
AQI2118,Berlin,Germany,2024-01-18,3.43,38.5,31.6,95.6,49941.0,49.6,423.3,25.5,42.6,75.8,23.2,7.8,2.1,32.1,71.6
AQI2211,Rome,Italy,2024-01-11,4.27,37.2,32.0,92.7,35529.0,47.6,322.5,25.5,42.8,77.8,18.6,10.8,1.33,44.2,65.8
AQI2550,Johannesburg,South Africa,2024-02-19,5.55,46.2,6.9,81.4,6932.0,19.9,394.8,1.0,65.4,104.3,24.4,10.7,1.95,25.9,92.7
AQI1817,Manila,Philippines,2024-01-17,13.86,58.9,24.1,87.1,4432.0,15.6,432.2,6.4,52.0,79.9,31.9,14.3,2.37,26.6,72.3
AQI1031,Delhi,India,2024-01-31,20.19,77.8,33.4,94.3,2582.0,11.2,593.5,14.9,70.9,114.0,52.7,15.5,3.15,18.9,106.6
AQI1514,Mexico City,Mexico,2024-01-14,22.38,57.0,35.7,88.2,11525.0,14.1,424.1,3.1,54.1,79.9,29.5,15.1,2.58,40.7,78.0
AQI2600,Buenos Aires,Argentina,2024-02-19,15.51,40.7,16.2,89.5,10293.0,24.9,419.3,1.0,44.3,67.3,19.3,4.7,1.5,62.0,67.9
AQI2294,Toronto,Canada,2024-02-13,2.62,28.2,28.8,91.2,50568.0,59.3,277.0,22.5,29.0,34.8,22.0,5.9,0.91,26.3,45.7
AQI2672,Riyadh,Saudi Arabia,2024-01-22,7.97,67.1,3.6,84.6,23083.0,32.3,440.6,1.0,50.2,81.9,25.6,15.4,2.06,32.8,69.2
AQI2494,Nairobi,Kenya,2024-02-13,4.3,40.1,6.0,77.8,2023.0,15.4,453.8,10.3,66.5,112.8,21.0,13.0,1.43,52.9,104.5
AQI2364,Singapore,Singapore,2024-01-14,5.42,54.4,23.4,100.0,72404.0,66.4,373.3,13.3,45.1,77.7,26.9,13.9,1.36,5.0,68.4
AQI2302,Sydney,Australia,2024-01-02,5.88,29.5,47.0,94.6,56779.0,56.6,330.3,19.9,8.3,5.0,18.1,1.3,1.63,35.2,22.9
AQI2590,Buenos Aires,Argentina,2024-02-09,15.51,40.7,16.2,89.5,,24.9,419.3,1.0,56.6,93.4,23.4,5.9,1.38,35.5,78.8
AQI2470,Nairobi,Kenya,2024-01-20,4.3,40.1,6.0,77.8,2023.0,15.4,453.8,10.3,54.5,88.6,21.0,9.3,1.47,50.4,78.3
AQI1849,Manila,Philippines,2024-02-18,13.86,58.9,24.1,87.1,4432.0,15.6,432.2,6.4,67.3,110.5,39.2,13.4,1.8,27.4,91.2
AQI2831,Ho Chi Minh City,Vietnam,2024-01-31,9.59,55.0,39.4,81.4,4512.0,12.7,422.8,24.8,,63.0,25.4,10.9,2.42,37.4,65.4
AQI2870,Warsaw,Poland,2024-01-20,2.19,46.7,18.0,87.6,18206.0,28.6,369.0,11.4,63.0,106.4,19.7,12.8,1.75,41.8,84.5
AQI1049,Delhi,India,2024-02-18,20.19,77.8,33.4,94.3,2582.0,11.2,593.5,14.9,75.1,121.5,33.8,16.9,2.73,32.9,111.0
AQI2188,Madrid,Spain,2024-02-07,6.87,37.2,33.1,92.5,33551.0,34.2,385.5,21.4,36.6,69.9,18.8,3.7,1.49,45.5,53.1
AQI2852,WARSAW,Poland,2024-01-02,2.19,46.7,18.0,87.6,18206.0,28.6,369.0,11.4,45.5,70.8,23.7,15.2,2.03,34.9,73.3
AQI1468,Lagos,Nigeria,2024-01-18,,59.0,26.1,84.5,3314.0,23.4,475.8,8.3,57.9,89.5,29.7,16.5,2.31,30.2,85.2
AQI1154,Shanghai,China,2024-01-04,24.43,69.3,25.9,90.4,25603.0,34.8,461.9,5.5,61.9,105.7,32.0,19.6,2.24,29.9,102.9
AQI2566,Buenos Aires,Argentina,2024-01-16,15.51,40.7,16.2,89.5,10293.0,24.9,419.3,1.0,51.0,85.7,26.5,11.7,2.14,48.6,77.6
AQI2871,Warsaw,Poland,2024-01-21,2.19,46.7,18.0,87.6,18206.0,28.6,369.0,11.4,52.7,82.9,24.2,9.5,1.52,49.0,71.1
AQI1395,Karachi,Pakistan,2024-02-14,15.59,72.9,19.0,88.0,1826.0,16.1,522.7,3.1,78.6,117.3,37.2,25.2,3.03,36.5,120.0
AQI1124,Beijing,China,2024-01-24,21.39,82.2,22.0,88.9,17964.0,12.3,481.5,12.6,94.5,154.7,40.2,24.7,3.15,44.9,140.0
AQI1356,Karachi,Pakistan,2024-01-06,15.59,72.9,19.0,88.0,1826.0,16.1,522.7,3.1,85.6,127.4,28.1,25.7,2.78,28.5,122.6
AQI1135,Beijing,China,2024-02-04,21.39,82.2,22.0,88.9,17964.0,12.3,481.5,12.6,84.3,139.2,41.5,27.3,2.62,54.7,125.2
AQI1269,Dhaka,Bangladesh,2024-01-19,20.95,68.2,20.6,89.0,2717.0,9.6,480.2,1.0,87.3,134.2,23.6,18.1,2.86,56.5,116.2
AQI1386,Karachi,Pakistan,2024-02-05,15.59,72.9,19.0,88.0,1826.0,16.1,522.7,3.1,81.9,134.9,33.5,22.8,2.47,39.7,122.6
AQI1610,New York,USA,2024-01-10,8.5,42.2,36.0,94.8,74047.0,58.9,335.3,35.6,35.2,52.3,23.0,2.7,1.44,23.7,52.9
AQI1221,lahore,Pakistan,2024-01-21,11.05,73.1,13.5,85.4,1687.0,22.3,511.7,11.1,75.3,127.3,31.5,20.3,2.72,44.9,112.3
AQI1042,Delhi,India,2024-02-11,20.19,77.8,33.4,94.3,2582.0,11.2,593.5,14.9,71.9,120.4,42.6,23.5,3.13,26.7,107.7
AQI1220,Lahore,Pakistan,2024-01-20,11.05,73.1,13.5,85.4,1687.0,22.3,511.7,11.1,62.5,102.8,36.4,15.3,2.95,30.6,91.8
AQI1598,los angeles,USA,2024-02-17,4.01,46.8,42.7,95.8,66782.0,47.0,384.8,40.7,39.2,59.1,18.6,9.4,1.86,54.5,52.7
AQI2807,Ho Chi Minh City,Vietnam,2024-01-07,9.59,55.0,39.4,81.4,4512.0,12.7,422.8,24.8,30.5,56.7,28.6,15.1,1.78,46.8,48.9
AQI2355,Singapore,Singapore,2024-01-05,5.42,54.4,23.4,100.0,72404.0,66.4,373.3,13.3,50.5,80.8,29.3,9.4,2.36,46.4,70.9
AQI1681,Sao Paulo,Brazil,2024-01-31,21.91,48.2,42.3,90.6,12592.0,19.1,482.3,11.2,39.9,65.3,25.5,8.4,1.75,38.0,58.6
AQI2079,Paris,France,2024-01-29,11.3,34.0,21.1,93.6,47249.0,52.6,349.0,10.9,43.2,69.3,27.5,2.2,1.11,20.7,63.8
AQI2904,Stockholm,Sweden,2024-01-04,1.81,26.2,69.9,97.7,60164.0,51.8,336.6,37.6,8.3,5.0,16.1,1.0,0.77,46.3,17.8
AQI2248,Rome,Italy,2024-02-17,4.27,37.2,32.0,92.7,35529.0,47.6,322.5,25.5,39.3,60.6,19.8,7.2,1.14,41.5,57.2
AQI1542,Mexico City,Mexico,2024-02-11,22.38,57.0,35.7,88.2,11525.0,14.1,424.1,3.1,69.9,117.5,32.7,10.0,2.15,37.7,102.0
AQI2047,London,UK,2024-02-16,9.16,34.9,30.7,95.0,49864.0,50.8,434.4,21.7,38.6,57.1,17.1,6.4,1.34,30.4,52.9
AQI2270,Toronto,Canada,2024-01-20,2.62,28.2,28.8,91.2,50568.0,59.3,277.0,22.5,25.9,34.5,21.0,7.7,1.19,23.0,34.2
AQI2664,Riyadh,Saudi Arabia,2024-01-14,7.97,67.1,3.6,84.6,23083.0,32.3,440.6,1.0,63.9,95.7,34.1,20.6,2.55,45.2,93.4
AQI2878,Warsaw,Poland,2024-01-28,2.19,46.7,18.0,87.6,18206.0,28.6,369.0,11.4,53.8,105.2,29.5,13.8,1.42,38.7,78.3
AQI2075,Paris,France,2024-01-25,11.3,34.0,21.1,93.6,47249.0,52.6,349.0,10.9,46.3,82.8,24.5,2.3,1.62,45.3,74.0
AQI2806,Ho Chi Minh City,Vietnam,2024-01-06,9.59,55.0,39.4,81.4,4512.0,12.7,422.8,24.8,41.5,72.0,28.1,17.3,1.64,43.7,70.5
AQI2289,Toronto,Canada,2024-02-08,2.62,28.2,28.8,91.2,50568.0,59.3,277.0,22.5,18.6,30.9,12.1,2.2,0.61,35.9,28.9
AQI2915,Stockholm,Sweden,2024-01-15,1.81,26.2,69.9,97.7,60164.0,51.8,336.6,37.6,3.9,5.0,18.2,1.0,1.12,7.3,17.4
AQI2088,Paris,France,2024-02-07,11.3,34.0,21.1,93.6,47249.0,52.6,349.0,10.9,43.6,70.4,16.2,6.3,1.83,38.0,60.1
AQI2575,Buenos Aires,Argentina,2024-01-25,15.51,40.7,16.2,89.5,10293.0,24.9,419.3,1.0,59.1,99.2,33.0,10.2,1.94,27.8,97.8
AQI2820,Ho Chi Minh City,Vietnam,2024-01-20,9.59,55.0,39.4,81.4,4512.0,12.7,422.8,24.8,51.8,85.9,25.3,14.4,2.41,54.8,84.7
AQI2784,Kuala Lumpur,Malaysia,2024-02-03,8.48,52.2,55.3,93.6,11160.0,13.1,473.7,27.7,43.1,76.7,30.5,14.3,2.29,30.2,72.0
AQI2227,Rome,Italy,2024-01-27,4.27,37.2,32.0,92.7,35529.0,47.6,322.5,25.5,45.4,65.6,12.9,7.9,1.62,32.2,66.7
AQI2819,Ho Chi Minh City,Vietnam,2024-01-19,9.59,55.0,39.4,81.4,4512.0,12.7,422.8,24.8,47.5,90.1,28.8,17.1,2.28,33.7,74.1
AQI2959,Wellington,New Zealand,2024-01-09,0.45,20.1,31.4,86.7,48404.0,57.2,253.7,18.9,18.1,24.3,14.4,6.1,1.25,40.3,36.5
AQI2602,Santiago,Chile,2024-01-02,6.58,44.2,13.9,88.4,16282.0,29.7,374.4,1.0,46.9,68.1,21.9,9.7,2.13,49.6,70.6
AQI2654,Riyadh,Saudi Arabia,2024-01-04,7.97,67.1,3.6,84.6,23083.0,32.3,440.6,1.0,62.7,100.7,32.3,21.4,1.91,16.6,90.5
AQI1337,Jakarta,Indonesia,2024-02-06,10.45,57.5,49.8,89.5,4903.0,18.6,401.2,15.7,54.0,79.6,33.2,18.5,1.72,23.4,84.8
AQI1233,Lahore,Pakistan,2024-02-02,11.05,73.1,13.5,85.4,1687.0,22.3,511.7,11.1,87.2,139.4,31.6,18.6,2.85,43.4,123.0
AQI2548,Johannesburg,South Africa,2024-02-17,5.55,46.2,6.9,81.4,6932.0,19.9,394.8,1.0,54.0,79.4,31.4,15.2,2.29,44.4,79.6
AQI2420,Hong Kong,China,2024-01-20,7.57,46.2,47.6,99.6,46494.0,47.0,437.9,37.1,39.8,72.8,25.0,6.0,1.72,50.6,68.0
AQI1159,Shanghai,China,2024-01-09,24.43,69.3,25.9,90.4,25603.0,34.8,461.9,5.5,69.1,114.8,35.7,21.9,2.51,37.4,103.0
AQI1469,Lagos,Nigeria,2024-01-19,14.99,59.0,26.1,84.5,3314.0,23.4,475.8,8.3,59.9,83.0,33.7,12.3,1.94,19.2,75.9
AQI2476,Nairobi,Kenya,2024-01-26,4.3,40.1,6.0,77.8,2023.0,15.4,453.8,10.3,44.7,79.3,24.7,9.5,2.24,20.6,66.8
AQI2616,Santiago,Chile,2024-01-16,6.58,44.2,13.9,88.4,16282.0,29.7,374.4,1.0,45.3,78.5,21.5,9.8,1.71,32.0,69.7
AQI2103,Berlin,Germany,2024-01-03,3.43,38.5,31.6,95.6,49941.0,49.6,423.3,25.5,23.9,35.4,12.9,4.1,1.77,23.5,43.7
AQI2049,London,UK,2024-02-18,9.16,34.9,30.7,95.0,49864.0,50.8,434.4,21.7,35.6,43.5,21.2,,1.42,30.4,59.8
AQI2123,Berlin,Germany,2024-01-23,3.43,38.5,31.6,95.6,49941.0,49.6,423.3,25.5,36.9,72.5,19.3,6.9,1.22,44.7,62.5
AQI1586,Los Angeles,USA,2024-02-05,4.01,46.8,42.7,95.8,66782.0,47.0,384.8,40.7,40.7,72.9,11.3,2.4,1.6,44.6,52.0
AQI1206,Lahore,Pakistan,2024-01-06,11.05,73.1,13.5,85.4,1687.0,22.3,511.7,11.1,74.6,118.6,38.7,17.5,2.47,45.2,107.7
AQI1004,Delhi,India,2024-01-04,20.19,77.8,33.4,94.3,2582.0,11.2,593.5,14.9,65.1,100.6,50.4,21.1,2.63,43.2,95.6
AQI1880,Istanbul,Turkey,2024-01-30,15.58,54.7,15.3,88.9,10428.0,22.0,432.0,1.0,54.9,85.8,26.4,13.9,1.68,47.3,86.2
AQI2968,Wellington,New Zealand,2024-01-18,0.45,20.1,31.4,86.7,48404.0,57.2,253.7,18.9,17.1,27.3,9.3,1.0,0.79,34.3,23.7
AQI2127,Berlin,Germany,2024-01-27,3.43,38.5,31.6,95.6,49941.0,49.6,423.3,25.5,47.4,81.4,20.5,6.4,1.93,42.0,67.8
AQI2842,Ho Chi Minh City,Vietnam,2024-02-11,9.59,55.0,39.4,81.4,4512.0,12.7,422.8,24.8,54.1,84.0,40.4,11.4,2.4,42.7,84.2
AQI2764,Kuala Lumpur,Malaysia,2024-01-14,8.48,52.2,55.3,93.6,11160.0,13.1,473.7,27.7,27.7,55.9,26.8,11.8,1.79,31.9,57.2
AQI2998,Wellington,New Zealand,2024-02-17,0.45,20.1,31.4,86.7,48404.0,57.2,253.7,18.9,43.1,69.8,6.9,6.0,0.48,31.9,53.2
AQI1694,Sao Paulo,Brazil,2024-02-13,21.91,48.2,42.3,90.6,12592.0,19.1,482.3,11.2,54.3,83.0,27.3,8.6,2.48,30.7,87.6
AQI2670,Riyadh,Saudi Arabia,2024-01-20,7.97,67.1,3.6,84.6,23083.0,32.3,440.6,1.0,67.4,116.1,34.8,15.8,2.62,39.6,102.0
AQI2651,Riyadh,Saudi Arabia,2024-01-01,7.97,67.1,3.6,84.6,23083.0,32.3,440.6,1.0,71.8,122.3,27.2,20.8,2.81,39.4,102.5
AQI1715,Moscow,Russia,2024-01-15,12.52,51.6,49.7,92.2,14053.0,36.7,426.8,24.6,27.1,48.3,20.5,9.9,1.93,31.8,50.5
AQI1944,Tokyo,Japan,2024-02-13,37.17,38.7,66.7,94.3,39161.0,45.6,363.2,28.7,36.0,45.9,14.6,7.0,2.02,50.6,54.8
AQI2727,Tehran,Iran,2024-01-27,8.82,59.2,3.4,82.5,4984.0,11.8,391.7,6.0,74.4,116.1,33.1,11.9,1.98,45.3,108.9
AQI2995,wellington,New Zealand,2024-02-14,0.45,20.1,31.4,86.7,48404.0,57.2,253.7,18.9,29.5,48.9,2.8,5.9,0.96,31.3,39.6
AQI1884,Istanbul,Turkey,2024-02-03,15.58,54.7,,88.9,10428.0,22.0,432.0,1.0,53.5,82.5,32.4,18.7,2.15,50.9,75.9
AQI2006,  London  ,UK,2024-01-06,9.16,34.9,30.7,95.0,49864.0,50.8,434.4,21.7,28.6,35.3,20.9,7.2,2.11,22.7,51.4
AQI2057,Paris,France,2024-01-07,11.3,34.0,21.1,93.6,47249.0,52.6,349.0,10.9,47.9,73.2,13.9,6.6,1.3,51.7,63.4
AQI2110,Berlin,Germany,2024-01-10,3.43,38.5,31.6,95.6,49941.0,49.6,423.3,25.5,42.1,73.3,20.4,3.2,1.94,32.6,56.7
AQI2200,Madrid,SPAIN,2024-02-19,6.87,37.2,33.1,92.5,33551.0,34.2,385.5,21.4,46.0,84.8,9.4,5.7,1.52,49.6,58.6
AQI2059,Paris,France,2024-01-09,11.3,34.0,21.1,93.6,47249.0,52.6,349.0,10.9,38.6,70.0,22.7,4.0,1.18,45.0,61.0
AQI1158,Shanghai,China,2024-01-08,24.43,69.3,25.9,90.4,25603.0,34.8,461.9,5.5,67.5,117.6,39.5,17.0,2.84,48.0,98.5
AQI2129,Berlin,Germany,2024-01-29,3.43,38.5,31.6,95.6,49941.0,49.6,423.3,25.5,32.8,59.3,17.7,9.8,1.21,37.6,41.5
AQI1524,Mexico City,Mexico,2024-01-24,22.38,57.0,35.7,88.2,11525.0,14.1,424.1,3.1,45.1,68.7,33.2,18.4,2.08,27.7,61.4
AQI1463,Lagos,Nigeria,2024-01-13,14.99,59.0,26.1,84.5,3314.0,23.4,475.8,8.3,55.0,90.4,31.1,12.3,2.62,59.3,86.9
AQI1653,Sao Paulo,Brazil,2024-01-03,21.91,48.2,42.3,90.6,12592.0,19.1,482.3,11.2,50.3,87.1,32.8,12.2,2.08,27.9,85.3
AQI1161,Shanghai,China,2024-01-11,24.43,69.3,25.9,90.4,25603.0,34.8,461.9,5.5,59.8,87.7,45.4,20.8,2.35,58.6,98.4
AQI1306,Jakarta,Indonesia,2024-01-06,10.45,57.5,49.8,89.5,4903.0,18.6,401.2,15.7,46.1,85.9,22.3,14.4,1.86,36.8,72.0
AQI1657,Sao Paulo,Brazil,2024-01-07,21.91,48.2,42.3,90.6,12592.0,19.1,482.3,11.2,50.1,79.5,35.5,9.9,2.43,33.3,75.1
AQI1548,Mexico City,Mexico,2024-02-17,22.38,57.0,35.7,88.2,11525.0,14.1,424.1,3.1,65.7,110.8,31.2,20.2,2.28,31.2,89.7
AQI1714,Moscow,Russia,2024-01-14,12.52,51.6,49.7,92.2,14053.0,36.7,426.8,24.6,59.9,95.6,20.4,10.8,2.17,49.3,83.5
AQI1396,Karachi,Pakistan,2024-02-15,15.59,72.9,19.0,88.0,1826.0,16.1,522.7,3.1,76.3,111.8,32.9,24.8,2.58,34.7,108.1
AQI1784,Bangkok,Thailand,2024-02-03,10.37,60.3,30.7,87.9,8306.0,23.6,556.5,1.0,61.0,101.5,40.6,18.5,2.45,30.3,81.4
AQI1400,Karachi,Pakistan,2024-02-19,15.59,72.9,19.0,88.0,1826.0,16.1,522.7,3.1,78.2,132.1,38.5,18.5,2.8,26.1,118.6
AQI1799,Bangkok,Thailand,2024-02-18,10.37,60.3,30.7,87.9,8306.0,23.6,556.5,1.0,66.5,103.8,34.0,14.6,2.59,16.4,94.7
AQI1619,New York,USA,2024-01-19,8.5,42.2,36.0,94.8,74047.0,58.9,335.3,35.6,22.0,21.8,23.1,6.2,1.43,,42.6
AQI2540,Johannesburg,SOUTH AFRICA,2024-02-09,5.55,46.2,6.9,81.4,6932.0,19.9,394.8,1.0,48.2,81.6,28.2,12.9,2.25,41.1,68.4
AQI1509,Mexico City,Mexico,2024-01-09,22.38,57.0,35.7,88.2,11525.0,14.1,424.1,3.1,47.2,68.9,32.8,15.2,2.45,30.3,75.9
AQI2372,Singapore,Singapore,2024-01-22,5.42,54.4,23.4,100.0,72404.0,66.4,373.3,13.3,52.1,78.6,24.3,11.3,1.43,19.6,70.4
AQI1737,Moscow,Russia,2024-02-06,12.52,51.6,49.7,92.2,14053.0,36.7,426.8,24.6,33.4,57.6,25.4,13.5,1.57,,50.3
AQI2400,Singapore,Singapore,2024-02-19,5.42,54.4,23.4,100.0,72404.0,66.4,373.3,13.3,57.1,87.0,35.6,16.5,2.07,50.1,86.9
AQI2872,Warsaw,Poland,2024-01-22,2.19,46.7,18.0,87.6,18206.0,28.6,369.0,11.4,42.2,67.2,19.0,9.0,1.73,22.2,57.0
AQI1978,Seoul,South Korea,2024-01-28,9.44,53.5,23.2,93.8,33071.0,41.4,409.7,5.8,57.5,96.7,18.5,15.0,1.91,43.6,87.6
AQI1868,Istanbul,Turkey,2024-01-18,15.58,54.7,15.3,88.9,10428.0,22.0,432.0,1.0,50.8,76.0,21.1,14.6,1.75,35.1,80.4
AQI1460,Lagos,NIGERIA,2024-01-10,14.99,59.0,26.1,84.5,3314.0,23.4,475.8,8.3,59.9,88.5,26.0,20.3,,24.6,91.8
AQI2970,Wellington,New Zealand,2024-01-20,0.45,20.1,31.4,86.7,48404.0,57.2,253.7,18.9,18.4,25.0,22.1,7.1,1.05,46.7,22.0
AQI1063,Mumbai,India,2024-01-13,12.56,63.8,21.6,97.3,3190.0,17.5,511.8,4.8,62.6,105.9,28.2,18.7,2.27,28.8,92.4
AQI2828,Ho Chi Minh City,Vietnam,2024-01-28,9.59,55.0,39.4,81.4,4512.0,12.7,422.8,24.8,47.2,82.8,25.8,11.5,2.63,29.6,75.3
AQI1872,Istanbul,Turkey,2024-01-22,15.58,54.7,15.3,88.9,10428.0,22.0,432.0,1.0,54.7,95.5,34.0,12.7,2.26,43.1,88.4
AQI2667,Riyadh,Saudi Arabia,2024-01-17,7.97,67.1,3.6,84.6,23083.0,32.3,440.6,1.0,67.5,109.6,36.8,16.6,2.11,56.0,105.5
AQI2582,Buenos Aires,Argentina,2024-02-01,15.51,40.7,16.2,89.5,10293.0,24.9,419.3,1.0,67.6,110.9,28.1,10.6,2.01,29.6,93.7
AQI1458,Lagos,Nigeria,2024-01-08,14.99,59.0,26.1,84.5,3314.0,23.4,475.8,8.3,61.1,92.6,31.5,8.8,2.55,20.5,96.1
AQI1947,Tokyo,Japan,2024-02-16,37.17,38.7,66.7,94.3,39161.0,45.6,363.2,28.7,24.5,44.2,30.9,7.0,2.12,28.4,52.3
AQI1479,Lagos,Nigeria,2024-01-29,14.99,59.0,26.1,84.5,3314.0,23.4,475.8,8.3,63.4,109.8,33.6,18.5,2.42,49.6,99.9
AQI2704,Tehran,Iran,2024-01-04,8.82,59.2,3.4,82.5,4984.0,11.8,391.7,6.0,,116.3,31.8,21.4,2.28,47.8,113.5
AQI2484,NAIROBI,Kenya,2024-02-03,4.3,40.1,6.0,77.8,2023.0,15.4,453.8,10.3,61.4,101.0,28.2,14.6,1.67,52.1,86.2
AQI1871,Istanbul,Turkey,2024-01-21,15.58,54.7,15.3,88.9,10428.0,22.0,432.0,1.0,60.2,102.1,26.2,14.7,1.89,41.3,87.4
AQI1791,Bangkok,Thailand,2024-02-10,10.37,60.3,30.7,87.9,8306.0,23.6,556.5,1.0,73.0,112.8,31.5,12.6,2.43,20.6,100.6
AQI1618,New York,USA,2024-01-18,8.5,42.2,36.0,94.8,74047.0,58.9,335.3,35.6,43.7,64.5,16.3,9.0,1.35,35.6,59.4
AQI2855,Warsaw,Poland,2024-01-05,2.19,46.7,18.0,87.6,18206.0,28.6,369.0,11.4,47.7,70.6,20.8,11.9,2.05,39.9,67.2
AQI2553,Buenos Aires,Argentina,2024-01-03,15.51,40.7,16.2,89.5,10293.0,24.9,419.3,1.0,52.3,84.0,26.9,11.1,2.13,46.6,73.8
AQI2418,Hong Kong,China,2024-01-18,7.57,46.2,47.6,99.6,46494.0,47.0,437.9,37.1,28.7,43.2,17.3,9.4,2.19,21.9,43.9
AQI2500,Nairobi,Kenya,2024-02-19,4.3,40.1,6.0,77.8,2023.0,15.4,453.8,10.3,56.2,83.9,5.3,15.5,1.45,35.0,68.1
AQI2623,Santiago,Chile,2024-01-23,6.58,44.2,13.9,88.4,16282.0,29.7,374.4,1.0,53.8,91.6,21.2,15.1,1.65,28.2,89.3
AQI1348,Jakarta,Indonesia,2024-02-17,10.45,57.5,49.8,89.5,4903.0,18.6,401.2,15.7,55.9,87.1,28.9,13.9,1.48,32.4,77.2
AQI2451,Nairobi,Kenya,2024-01-01,4.3,40.1,6.0,77.8,2023.0,15.4,453.8,10.3,31.0,56.9,26.9,9.9,1.97,30.5,51.2
AQI2197,Madrid,Spain,2024-02-16,6.87,37.2,33.1,92.5,33551.0,34.2,385.5,21.4,22.4,35.9,26.3,9.4,1.72,17.8,36.8
AQI1952,Seoul,South Korea,2024-01-02,9.44,53.5,23.2,93.8,33071.0,41.4,409.7,5.8,37.2,59.5,24.7,18.8,2.53,27.8,65.0
AQI1761,Bangkok,Thailand,2024-01-11,10.37,60.3,30.7,87.9,8306.0,23.6,556.5,1.0,58.3,84.9,29.6,15.7,2.93,24.3,91.9
AQI1447,Cairo,Egypt,2024-02-16,20.65,62.5,7.3,82.7,4267.0,23.4,427.6,2.1,65.9,94.2,37.0,11.6,2.2,43.3,96.0
AQI1651,Sao Paulo,Brazil,2024-01-01,21.91,48.2,42.3,90.6,12592.0,19.1,482.3,11.2,39.9,61.0,32.1,10.9,1.96,50.3,60.3
AQI2748,Tehran,Iran,2024-02-17,8.82,59.2,3.4,82.5,4984.0,11.8,391.7,6.0,79.3,122.1,29.9,15.9,2.31,37.9,110.9
AQI2795,Kuala Lumpur,Malaysia,2024-02-14,8.48,52.2,55.3,93.6,11160.0,13.1,473.7,27.7,58.0,85.8,19.4,8.9,2.43,49.3,79.4
AQI1380,Karachi,Pakistan,2024-01-30,15.59,72.9,19.0,88.0,1826.0,16.1,522.7,3.1,82.6,128.5,38.1,26.0,2.51,26.6,126.2
AQI1565,Los Angeles,USA,2024-01-15,4.01,46.8,42.7,95.8,66782.0,47.0,384.8,40.7,43.3,66.8,26.9,18.0,1.72,37.5,63.6
AQI2334,Sydney,Australia,2024-02-03,5.88,29.5,47.0,94.6,56779.0,56.6,330.3,19.9,30.0,44.2,6.0,4.8,1.33,38.5,42.0
AQI2739,Tehran,Iran,2024-02-08,8.82,59.2,3.4,82.5,4984.0,11.8,391.7,6.0,66.7,99.5,31.0,16.7,2.0,53.6,99.0
AQI2281,Toronto,Canada,2024-01-31,2.62,28.2,28.8,91.2,50568.0,59.3,277.0,22.5,32.0,53.2,9.1,4.2,1.33,24.2,51.8
AQI2917,Stockholm,Sweden,2024-01-17,1.81,26.2,69.9,97.7,60164.0,51.8,336.6,37.6,3.3,9.7,17.0,2.9,1.3,33.3,16.5
AQI2762,Kuala Lumpur,Malaysia,2024-01-12,8.48,52.2,55.3,93.6,11160.0,13.1,473.7,27.7,42.8,78.5,30.1,13.4,2.15,26.9,69.4
AQI1921,Tokyo,Japan,2024-01-21,37.17,38.7,66.7,94.3,39161.0,45.6,363.2,28.7,42.4,64.2,17.3,10.0,1.72,23.9,52.8
AQI1232,Lahore,Pakistan,2024-02-01,11.05,73.1,13.5,85.4,1687.0,22.3,511.7,11.1,87.1,133.3,42.3,24.1,2.56,16.8,120.8
AQI2999,Wellington,New Zealand,2024-02-18,0.45,20.1,31.4,86.7,48404.0,57.2,253.7,18.9,14.6,21.7,6.4,1.6,0.92,29.1,21.3
AQI1383,Karachi,Pakistan,2024-02-02,15.59,72.9,19.0,88.0,1826.0,16.1,522.7,3.1,88.7,147.0,39.6,21.5,2.67,42.7,115.9
AQI2439,Hong Kong,China,2024-02-08,7.57,46.2,47.6,99.6,46494.0,47.0,437.9,37.1,46.9,77.7,33.9,6.2,2.44,23.2,74.5
AQI2462,Nairobi,Kenya,2024-01-12,4.3,40.1,6.0,77.8,2023.0,15.4,453.8,10.3,62.6,107.5,26.2,12.5,1.78,34.1,85.7
AQI1073,Mumbai,India,2024-01-23,12.56,63.8,21.6,97.3,3190.0,17.5,511.8,4.8,52.2,86.8,29.8,18.9,2.2,18.7,71.8
AQI1071,Mumbai,India,2024-01-21,,63.8,21.6,97.3,3190.0,17.5,511.8,4.8,60.4,91.4,33.4,14.7,2.51,36.3,88.8
AQI2332,Sydney,Australia,2024-02-01,5.88,29.5,47.0,94.6,56779.0,56.6,330.3,19.9,19.1,35.4,14.0,1.3,1.62,20.1,31.4
AQI2082,Paris,France,2024-02-01,11.3,34.0,21.1,93.6,47249.0,52.6,349.0,10.9,47.1,77.7,15.3,10.8,1.58,44.1,75.6
AQI1172,SHANGHAI,China,2024-01-22,24.43,69.3,25.9,90.4,25603.0,34.8,461.9,5.5,85.4,133.3,30.4,17.5,3.33,28.1,129.8
AQI2850,Ho Chi Minh City,Vietnam,2024-02-19,9.59,55.0,39.4,81.4,4512.0,12.7,422.8,24.8,56.0,79.3,24.3,10.4,1.44,34.1,73.7
AQI1169,Shanghai,China,2024-01-19,24.43,69.3,25.9,90.4,25603.0,34.8,461.9,5.5,55.7,99.7,31.0,15.7,2.34,45.1,85.6
AQI1494,Lagos,Nigeria,2024-02-13,14.99,59.0,26.1,84.5,3314.0,23.4,475.8,8.3,79.2,126.1,25.2,21.5,2.76,42.9,109.4
AQI2934,Stockholm,Sweden,2024-02-03,1.81,26.2,69.9,97.7,60164.0,51.8,336.6,37.6,9.6,26.1,12.4,1.7,1.65,31.0,29.1
AQI2028,London,UK,2024-01-28,9.16,34.9,30.7,95.0,49864.0,50.8,434.4,21.7,36.6,51.4,29.9,4.1,1.86,,54.9
AQI2641,Santiago,Chile,2024-02-10,6.58,44.2,13.9,88.4,16282.0,29.7,374.4,1.0,62.3,103.3,24.9,2.0,1.79,21.4,89.7
AQI1894,Istanbul,Turkey,2024-02-13,15.58,54.7,15.3,88.9,10428.0,22.0,432.0,1.0,73.3,117.9,22.9,17.2,1.68,41.0,97.8
AQI1273,Dhaka,Bangladesh,2024-01-23,20.95,68.2,20.6,89.0,2717.0,9.6,480.2,1.0,64.6,99.4,33.3,23.1,1.89,68.3,101.9
AQI2594,Buenos Aires,Argentina,2024-02-13,15.51,40.7,16.2,89.5,10293.0,24.9,419.3,1.0,68.9,108.4,31.2,8.2,1.2,41.6,96.4
AQI1421,Cairo,Egypt,2024-01-21,20.65,62.5,7.3,82.7,4267.0,23.4,427.6,2.1,61.7,90.3,30.5,20.3,1.86,10.6,85.5
AQI1095,  Mumbai  ,India,2024-02-14,12.56,63.8,21.6,97.3,3190.0,17.5,511.8,4.8,59.1,89.9,27.6,22.4,2.71,49.5,93.8
AQI2779,Kuala Lumpur,Malaysia,2024-01-29,8.48,52.2,55.3,93.6,11160.0,13.1,473.7,27.7,38.2,60.0,23.4,10.3,2.76,41.1,55.2
AQI2581,Buenos Aires,Argentina,2024-01-31,15.51,40.7,16.2,89.5,10293.0,24.9,419.3,1.0,61.8,101.3,23.2,7.8,1.92,44.5,88.9
AQI2592,Buenos Aires,Argentina,2024-02-11,15.51,40.7,16.2,89.5,10293.0,24.9,419.3,1.0,37.3,54.7,20.1,10.5,1.57,37.2,55.4
AQI1043,Delhi,India,2024-02-12,20.19,77.8,33.4,94.3,2582.0,11.2,593.5,14.9,83.6,137.4,41.0,21.5,3.33,29.1,126.7
AQI1057,Mumbai,India,2024-01-07,12.56,63.8,21.6,97.3,3190.0,17.5,511.8,4.8,62.5,103.1,36.7,13.8,1.96,49.5,95.4
AQI2696,Riyadh,Saudi Arabia,2024-02-15,7.97,67.1,3.6,84.6,23083.0,32.3,440.6,1.0,78.1,119.6,37.8,14.9,1.97,43.1,118.5
AQI2912,Stockholm,Sweden,2024-01-12,1.81,26.2,69.9,97.7,60164.0,51.8,336.6,37.6,15.2,36.1,10.8,7.2,1.05,21.0,29.7
AQI2172,Madrid,Spain,2024-01-22,6.87,37.2,33.1,92.5,33551.0,34.2,385.5,21.4,28.1,47.3,19.5,12.5,1.48,26.7,50.7
AQI2286,Toronto,Canada,2024-02-05,2.62,28.2,28.8,91.2,50568.0,59.3,277.0,22.5,28.0,38.1,6.0,7.2,0.59,38.1,42.9
AQI1889,Istanbul,Turkey,2024-02-08,15.58,54.7,15.3,88.9,10428.0,22.0,432.0,1.0,73.0,123.6,26.7,16.6,2.53,55.6,105.9
AQI1575,Los Angeles,USA,2024-01-25,4.01,46.8,42.7,95.8,66782.0,47.0,384.8,40.7,50.3,78.2,22.2,3.9,1.61,23.2,67.6
AQI1039,Delhi,India,2024-02-08,20.19,77.8,33.4,94.3,2582.0,11.2,593.5,14.9,68.9,113.0,42.1,19.3,2.97,31.1,106.0
AQI1307,Jakarta,Indonesia,2024-01-07,10.45,57.5,49.8,89.5,4903.0,18.6,401.2,15.7,37.5,62.9,38.1,13.3,2.27,19.6,59.0
AQI2017,London,UK,2024-01-17,9.16,34.9,30.7,95.0,49864.0,50.8,434.4,21.7,30.7,57.4,30.0,6.3,2.03,24.8,58.7
AQI1007,Delhi,India,2024-01-07,20.19,77.8,33.4,94.3,2582.0,11.2,593.5,14.9,70.9,111.1,37.7,22.9,3.25,44.3,104.0
AQI2228,Rome,Italy,2024-01-28,4.27,37.2,32.0,92.7,35529.0,47.6,322.5,25.5,30.4,35.9,16.8,7.4,1.35,23.6,35.0
AQI1783,Bangkok,Thailand,2024-02-02,10.37,60.3,30.7,87.9,8306.0,23.6,556.5,1.0,58.8,99.8,33.9,16.0,2.04,31.6,93.2
AQI1409,Cairo,Egypt,2024-01-09,20.65,62.5,7.3,82.7,4267.0,23.4,427.6,2.1,81.3,136.0,37.8,15.9,2.05,48.5,121.3
AQI2533,Johannesburg,South Africa,2024-02-02,5.55,46.2,6.9,81.4,6932.0,19.9,394.8,1.0,74.5,122.2,18.7,13.3,2.0,33.1,108.1
AQI1782,bangkok,Thailand,2024-02-01,10.37,60.3,30.7,87.9,8306.0,23.6,556.5,1.0,46.3,76.6,30.4,15.7,2.56,33.5,74.0
AQI1167,Shanghai,China,2024-01-17,24.43,69.3,25.9,90.4,25603.0,34.8,461.9,5.5,53.7,88.6,37.1,19.4,2.62,49.8,87.1
AQI1535,Mexico City,Mexico,2024-02-04,22.38,57.0,35.7,88.2,11525.0,14.1,424.1,3.1,49.7,82.4,37.4,16.0,2.15,29.4,83.8
AQI1584,Los Angeles,USA,2024-02-03,4.01,46.8,42.7,95.8,66782.0,47.0,384.8,40.7,40.8,76.2,21.7,10.4,1.59,25.1,60.2
AQI2747,Tehran,Iran,2024-02-16,8.82,59.2,3.4,82.5,4984.0,11.8,391.7,6.0,68.6,103.9,28.7,20.5,2.05,35.1,90.4
AQI2906,Stockholm,Sweden,2024-01-06,1.81,26.2,69.9,97.7,60164.0,51.8,336.6,37.6,3.0,5.0,17.3,2.9,1.74,42.9,14.9
AQI2426,Hong Kong,China,2024-01-26,7.57,46.2,47.6,99.6,46494.0,47.0,437.9,37.1,24.5,39.3,20.9,8.2,2.0,39.6,43.1
AQI2234,Rome,Italy,2024-02-03,4.27,37.2,32.0,92.7,35529.0,47.6,322.5,25.5,31.9,48.1,23.7,9.3,1.43,29.7,43.4
AQI2260,Toronto,Canada,2024-01-10,2.62,28.2,28.8,91.2,50568.0,59.3,277.0,22.5,40.4,58.5,19.0,4.2,1.35,31.3,62.8
AQI2894,Warsaw,Poland,2024-02-13,2.19,46.7,18.0,87.6,18206.0,28.6,369.0,11.4,50.3,69.9,19.3,13.6,1.85,37.8,72.8
AQI2545,Johannesburg,South Africa,2024-02-14,5.55,46.2,6.9,81.4,6932.0,19.9,394.8,1.0,55.3,84.4,20.7,15.0,1.42,32.7,68.9
AQI2785,Kuala Lumpur,Malaysia,2024-02-04,8.48,52.2,55.3,93.6,11160.0,13.1,473.7,27.7,33.6,61.4,13.4,12.0,2.42,18.1,56.7
AQI2073,Paris,France,2024-01-23,11.3,34.0,21.1,93.6,47249.0,52.6,349.0,10.9,45.3,67.6,18.3,11.1,1.79,45.9,64.2
AQI1814,MANILA,Philippines,2024-01-14,13.86,58.9,24.1,87.1,4432.0,15.6,432.2,6.4,59.0,95.3,37.5,15.0,2.15,25.3,92.8
AQI1317,Jakarta,Indonesia,2024-01-17,10.45,57.5,49.8,89.5,4903.0,18.6,401.2,15.7,40.3,64.0,30.9,12.4,1.85,32.9,58.7
AQI2826,Ho Chi Minh City,Vietnam,2024-01-26,9.59,55.0,39.4,81.4,4512.0,12.7,422.8,24.8,53.9,90.4,30.5,13.9,1.85,38.1,90.6
AQI2725,Tehran,Iran,2024-01-25,8.82,59.2,3.4,82.5,4984.0,11.8,391.7,6.0,64.5,95.0,26.1,16.0,1.34,37.5,93.9
AQI1517,Mexico City,Mexico,2024-01-17,22.38,57.0,35.7,88.2,11525.0,14.1,424.1,3.1,64.0,111.1,26.9,12.1,2.17,37.7,91.3
AQI2856,Warsaw,Poland,2024-01-06,2.19,46.7,18.0,87.6,18206.0,28.6,369.0,11.4,50.1,90.4,27.4,13.3,1.91,51.7,83.6
AQI2671,Riyadh,Saudi Arabia,2024-01-21,7.97,67.1,3.6,84.6,23083.0,32.3,440.6,1.0,62.0,93.2,28.7,18.5,2.33,54.9,93.9
AQI2190,Madrid,Spain,2024-02-09,6.87,37.2,33.1,92.5,33551.0,34.2,385.5,21.4,42.3,62.1,26.5,5.9,1.92,32.7,64.6
AQI1534,Mexico City,Mexico,2024-02-03,22.38,57.0,35.7,88.2,11525.0,14.1,424.1,3.1,49.4,76.7,32.9,14.5,2.27,27.9,82.2
AQI1174,Shanghai,China,2024-01-24,24.43,69.3,25.9,90.4,25603.0,34.8,461.9,5.5,60.1,92.3,31.1,17.8,2.32,38.5,-81.8
AQI2045,London,UK,2024-02-14,9.16,34.9,30.7,95.0,49864.0,50.8,434.4,21.7,22.6,37.3,29.7,5.3,1.59,38.4,38.9
AQI1272,Dhaka,Bangladesh,2024-01-22,20.95,68.2,20.6,89.0,2717.0,9.6,480.2,1.0,68.6,112.0,36.1,22.3,2.52,19.2,108.3
AQI1549,Mexico City,Mexico,2024-02-18,22.38,57.0,35.7,88.2,11525.0,14.1,424.1,3.1,59.4,93.0,36.3,16.0,1.86,36.4,91.7
AQI1669,Sao Paulo,Brazil,2024-01-19,21.91,48.2,42.3,90.6,12592.0,19.1,482.3,11.2,31.0,48.7,27.2,10.2,2.11,36.3,52.3
AQI1675,Sao Paulo,Brazil,2024-01-25,21.91,48.2,42.3,90.6,12592.0,19.1,482.3,11.2,55.8,82.1,31.4,13.3,1.57,34.6,78.2
AQI1454,Lagos,Nigeria,2024-01-04,14.99,59.0,26.1,84.5,3314.0,23.4,475.8,8.3,58.1,96.8,36.7,16.3,2.33,27.3,85.4
AQI1965,Seoul,South Korea,2024-01-15,9.44,53.5,23.2,93.8,33071.0,41.4,409.7,5.8,44.8,66.4,16.8,16.8,1.78,48.1,72.2
AQI1607,New York,USA,2024-01-07,8.5,42.2,36.0,94.8,74047.0,58.9,335.3,35.6,34.2,45.2,17.2,6.2,0.99,35.1,47.3
AQI2700,Riyadh,Saudi Arabia,2024-02-19,7.97,67.1,3.6,84.6,23083.0,32.3,440.6,1.0,83.6,129.7,32.4,18.1,2.33,64.7,120.8
AQI2633,Santiago,Chile,2024-02-02,6.58,44.2,13.9,88.4,16282.0,29.7,374.4,1.0,51.5,90.2,19.9,16.4,2.14,33.2,75.4
AQI1805,Manila,Philippines,2024-01-05,13.86,58.9,24.1,87.1,4432.0,15.6,432.2,6.4,57.4,90.0,33.8,15.5,2.24,20.1,95.1
AQI1599,Los Angeles,USA,2024-02-18,4.01,46.8,42.7,95.8,66782.0,47.0,384.8,40.7,49.3,84.8,19.5,10.2,1.61,35.5,79.8
AQI2606,Santiago,Chile,2024-01-06,6.58,44.2,13.9,88.4,16282.0,29.7,374.4,1.0,45.2,75.7,24.9,12.9,2.08,56.5,72.1
AQI1571,Los Angeles,USA,2024-01-21,4.01,46.8,42.7,95.8,66782.0,47.0,384.8,40.7,43.6,70.2,29.1,8.4,1.42,47.8,66.0
AQI1075,Mumbai,India,2024-01-25,12.56,63.8,21.6,97.3,3190.0,17.5,511.8,4.8,60.8,97.6,28.8,16.0,2.73,31.0,95.4
AQI1062,MUMBAI,India,2024-01-12,12.56,63.8,21.6,97.3,3190.0,17.5,511.8,4.8,62.1,91.6,36.5,18.3,2.14,31.6,86.2
AQI2986,Wellington,New Zealand,2024-02-05,0.45,20.1,31.4,86.7,48404.0,57.2,253.7,18.9,19.9,32.0,8.9,3.9,1.34,43.3,37.5
AQI1810,Manila,Philippines,2024-01-10,13.86,58.9,24.1,87.1,4432.0,15.6,432.2,6.4,52.6,85.9,29.5,14.5,2.73,48.2,83.4
AQI1245,Lahore,Pakistan,2024-02-14,11.05,73.1,13.5,85.4,1687.0,22.3,511.7,11.1,81.1,135.8,23.1,22.2,2.4,19.7,116.6
AQI2979,Wellington,New Zealand,2024-01-29,0.45,20.1,31.4,86.7,48404.0,57.2,253.7,18.9,26.0,44.7,8.4,7.9,0.53,49.9,45.0
AQI2445,Hong Kong,China,2024-02-14,7.57,46.2,47.6,99.6,46494.0,47.0,437.9,37.1,35.2,44.4,21.1,6.2,2.06,26.1,57.5
AQI1106,Beijing,China,2024-01-06,21.39,82.2,22.0,88.9,17964.0,12.3,481.5,12.6,79.9,124.4,42.6,30.6,2.79,48.2,116.3
AQI1674,Sao Paulo,Brazil,2024-01-24,21.91,48.2,42.3,90.6,12592.0,19.1,482.3,11.2,48.6,77.3,29.7,11.7,2.39,42.9,70.5
AQI1643,New York,USA,2024-02-12,8.5,42.2,36.0,94.8,74047.0,58.9,335.3,35.6,42.6,76.1,20.8,10.7,2.09,47.7,62.0
AQI2268,Toronto,CANADA,2024-01-18,2.62,28.2,28.8,91.2,50568.0,59.3,277.0,22.5,19.2,24.3,6.1,3.7,1.63,34.3,32.1
AQI1666,Sao Paulo,Brazil,2024-01-16,21.91,48.2,42.3,90.6,12592.0,19.1,482.3,11.2,45.2,78.5,32.5,11.4,1.86,40.1,71.8
AQI1510,Mexico City,Mexico,2024-01-10,22.38,57.0,35.7,88.2,11525.0,14.1,424.1,3.1,58.3,96.0,27.4,15.1,2.32,34.7,76.7
AQI1132,Beijing,China,2024-02-01,21.39,82.2,22.0,88.9,17964.0,12.3,481.5,12.6,89.0,146.2,41.5,28.5,2.5,21.4,125.1
AQI1445,Cairo,Egypt,2024-02-14,20.65,62.5,7.3,82.7,4267.0,23.4,427.6,2.1,85.6,140.1,27.9,16.2,2.08,52.2,113.7
AQI1867,Istanbul,Turkey,2024-01-17,15.58,54.7,15.3,88.9,10428.0,22.0,432.0,1.0,57.8,93.3,29.0,12.6,2.41,39.0,84.3
AQI2283,Toronto,Canada,2024-02-02,2.62,28.2,28.8,91.2,50568.0,59.3,277.0,22.5,28.3,47.2,13.7,3.8,0.63,39.6,41.2
AQI2775,Kuala Lumpur,Malaysia,2024-01-25,8.48,52.2,55.3,93.6,11160.0,13.1,473.7,27.7,35.9,49.4,43.7,14.6,2.0,40.4,61.2
AQI1058,Mumbai,India,2024-01-08,12.56,63.8,21.6,97.3,3190.0,17.5,511.8,4.8,55.8,98.7,33.7,20.7,2.44,57.4,98.4
AQI2909,Stockholm,Sweden,2024-01-09,1.81,26.2,69.9,97.7,60164.0,51.8,336.6,37.6,8.9,23.5,23.1,2.0,1.96,29.2,24.6
AQI2788,Kuala Lumpur,Malaysia,2024-02-07,8.48,52.2,55.3,93.6,11160.0,13.1,473.7,27.7,37.6,46.6,35.3,17.0,1.77,29.4,60.5
AQI2397,Singapore,Singapore,2024-02-16,5.42,54.4,23.4,100.0,72404.0,66.4,373.3,13.3,37.0,55.0,29.1,13.8,1.69,33.4,56.0
AQI1087,Mumbai,India,2024-02-06,12.56,63.8,21.6,97.3,3190.0,17.5,511.8,4.8,72.6,117.5,29.2,18.6,2.99,50.2,115.6
AQI2974,Wellington,New Zealand,2024-01-24,0.45,20.1,31.4,86.7,48404.0,57.2,253.7,18.9,27.9,52.8,5.6,2.1,1.08,39.7,37.3
AQI1772,Bangkok,Thailand,2024-01-22,10.37,60.3,30.7,87.9,8306.0,23.6,556.5,1.0,53.3,92.0,31.8,14.8,2.39,48.3,80.2
AQI2229,Rome,Italy,2024-01-29,4.27,37.2,32.0,92.7,35529.0,47.6,322.5,25.5,32.0,56.7,25.2,10.7,1.19,23.7,53.8
AQI1709,Moscow,Russia,2024-01-09,12.52,51.6,49.7,92.2,14053.0,36.7,426.8,24.6,39.1,68.9,29.1,15.6,1.71,33.9,64.2
AQI2555,Buenos Aires,Argentina,2024-01-05,15.51,40.7,16.2,89.5,10293.0,24.9,419.3,1.0,50.8,73.3,18.8,6.6,1.65,35.7,65.0
AQI2337,Sydney,Australia,2024-02-06,5.88,29.5,47.0,94.6,56779.0,56.6,330.3,19.9,41.5,64.1,14.4,2.0,1.16,5.5,57.8
AQI2560,buenos aires,Argentina,2024-01-10,15.51,40.7,16.2,89.5,,24.9,419.3,1.0,49.5,84.6,25.2,6.6,1.71,44.2,76.5
AQI1539,Mexico City,Mexico,2024-02-08,22.38,57.0,35.7,88.2,11525.0,14.1,424.1,3.1,56.9,90.2,24.5,16.4,1.99,32.7,81.0
AQI2434,Hong Kong,China,2024-02-03,7.57,46.2,47.6,99.6,46494.0,47.0,437.9,37.1,36.4,62.8,26.4,7.9,1.84,31.4,61.0
AQI2595,Buenos Aires,Argentina,2024-02-14,15.51,40.7,16.2,89.5,10293.0,24.9,419.3,1.0,57.2,87.6,23.4,8.6,1.72,46.0,82.2
AQI2551,Buenos Aires,Argentina,2024-01-01,15.51,40.7,16.2,89.5,10293.0,24.9,419.3,1.0,52.7,81.1,22.6,6.1,1.55,47.2,75.3
AQI2304,Sydney,Australia,2024-01-04,5.88,29.5,47.0,94.6,56779.0,56.6,330.3,19.9,19.7,31.8,16.4,1.0,1.33,46.9,36.3
AQI1419,Cairo,Egypt,2024-01-19,20.65,62.5,7.3,82.7,4267.0,23.4,427.6,2.1,74.1,117.6,23.9,14.6,2.19,,107.8
AQI2844,Ho Chi Minh City,Vietnam,2024-02-13,9.59,55.0,39.4,81.4,4512.0,12.7,422.8,24.8,58.1,97.7,31.1,14.4,2.48,28.0,88.6
AQI2701,Tehran,Iran,2024-01-01,8.82,59.2,3.4,82.5,4984.0,11.8,391.7,6.0,63.4,103.2,28.8,12.8,2.21,58.7,95.9
AQI2278,Toronto,Canada,2024-01-28,2.62,28.2,28.8,91.2,50568.0,59.3,277.0,22.5,25.7,38.0,16.7,6.0,1.21,45.6,43.8
AQI1852,Istanbul,Turkey,2024-01-02,15.58,54.7,15.3,88.9,10428.0,22.0,432.0,1.0,59.2,88.0,31.1,11.9,2.43,61.1,84.3
AQI2863,Warsaw,Poland,2024-01-13,2.19,46.7,18.0,87.6,18206.0,28.6,369.0,11.4,42.0,64.3,12.6,9.5,1.53,35.5,60.9
AQI2808,Ho Chi Minh City,Vietnam,2024-01-08,9.59,55.0,39.4,81.4,4512.0,12.7,422.8,24.8,53.5,90.5,23.3,19.9,2.11,40.6,73.9
AQI2687,Riyadh,Saudi Arabia,2024-02-06,7.97,67.1,3.6,84.6,23083.0,32.3,440.6,1.0,67.2,110.3,32.8,19.6,2.8,46.7,108.1
AQI2759,Kuala Lumpur,Malaysia,2024-01-09,8.48,52.2,55.3,93.6,11160.0,13.1,473.7,27.7,50.2,75.5,27.4,14.5,2.31,36.1,82.4
AQI2296,Toronto,Canada,2024-02-15,2.62,28.2,28.8,91.2,50568.0,59.3,277.0,22.5,39.4,59.2,5.2,2.8,1.26,31.0,51.5
AQI2726,TEHRAN,Iran,2024-01-26,8.82,59.2,3.4,82.5,4984.0,11.8,391.7,6.0,74.5,116.3,29.6,15.3,2.1,54.9,110.9
AQI2792,  Kuala Lumpur  ,Malaysia,2024-02-11,8.48,52.2,55.3,93.6,11160.0,13.1,473.7,27.7,47.0,76.2,20.0,13.6,1.75,41.1,66.8
AQI1305,Jakarta,Indonesia,2024-01-05,10.45,57.5,,89.5,4903.0,18.6,401.2,15.7,24.5,48.5,22.0,13.0,1.93,38.4,38.2
AQI2848,Ho Chi Minh City,Vietnam,2024-02-17,9.59,55.0,39.4,81.4,4512.0,12.7,422.8,24.8,81.1,130.5,21.6,12.1,2.23,18.0,111.2
AQI1336,Jakarta,Indonesia,2024-02-05,10.45,57.5,49.8,89.5,4903.0,18.6,401.2,15.7,48.8,74.8,27.8,18.9,2.46,19.5,79.4
AQI1996,Seoul,South Korea,2024-02-15,9.44,53.5,23.2,93.8,33071.0,41.4,409.7,5.8,41.9,67.1,30.5,13.4,2.38,35.8,67.1
AQI1570,Los Angeles,USA,2024-01-20,4.01,46.8,42.7,95.8,66782.0,47.0,384.8,40.7,34.1,58.4,19.9,14.6,1.17,46.7,53.1
AQI1089,Mumbai,India,2024-02-08,12.56,63.8,21.6,97.3,3190.0,17.5,511.8,4.8,67.9,106.1,28.1,12.2,2.67,37.5,91.8
AQI1875,Istanbul,Turkey,2024-01-25,15.58,54.7,15.3,88.9,10428.0,22.0,432.0,1.0,61.6,100.4,26.3,15.0,,47.4,95.5
AQI2987,Wellington,New Zealand,2024-02-06,0.45,20.1,31.4,86.7,48404.0,57.2,253.7,18.9,30.5,52.0,5.0,6.7,1.46,32.9,43.3
AQI2720,Tehran,Iran,2024-01-20,8.82,59.2,3.4,82.5,4984.0,11.8,391.7,6.0,58.0,90.5,33.1,22.5,2.18,51.2,87.7
AQI1713,Moscow,Russia,2024-01-13,12.52,51.6,49.7,92.2,14053.0,36.7,426.8,24.6,42.7,69.5,22.3,11.3,1.69,33.4,62.2
AQI2743,Tehran,Iran,2024-02-12,8.82,59.2,3.4,82.5,4984.0,11.8,391.7,6.0,76.7,130.9,28.3,15.8,2.22,21.7,107.6
AQI2846,Ho Chi Minh City,Vietnam,2024-02-15,9.59,55.0,39.4,81.4,4512.0,12.7,422.8,24.8,53.7,86.8,20.6,12.2,2.2,38.5,85.3
AQI2378,Singapore,Singapore,2024-01-28,5.42,54.4,23.4,100.0,72404.0,66.4,373.3,13.3,41.4,67.0,26.4,12.8,1.92,,63.9
AQI1222,Lahore,Pakistan,2024-01-22,11.05,73.1,13.5,85.4,1687.0,22.3,511.7,11.1,71.0,108.6,37.0,16.9,1.72,42.3,106.1
AQI1320,Jakarta,Indonesia,2024-01-20,10.45,57.5,49.8,89.5,4903.0,18.6,401.2,15.7,56.2,100.4,34.0,14.1,1.82,24.2,87.7
AQI2752,Kuala Lumpur,Malaysia,2024-01-02,8.48,52.2,55.3,93.6,11160.0,13.1,473.7,27.7,31.2,48.6,28.1,11.3,2.42,36.8,46.7
AQI1879,Istanbul,Turkey,2024-01-29,15.58,54.7,15.3,88.9,10428.0,22.0,432.0,1.0,61.8,107.7,31.8,15.8,1.76,44.5,87.6
AQI2798,KUALA LUMPUR,Malaysia,2024-02-17,8.48,52.2,55.3,93.6,11160.0,13.1,473.7,27.7,45.1,75.1,21.6,12.8,2.11,34.0,69.6
AQI1826,Manila,Philippines,2024-01-26,13.86,58.9,24.1,87.1,4432.0,15.6,432.2,6.4,60.7,104.7,32.7,15.0,1.91,44.4,81.9
AQI2980,Wellington,New Zealand,2024-01-30,0.45,20.1,31.4,86.7,48404.0,57.2,253.7,18.9,37.8,50.9,6.3,6.1,0.35,19.2,44.8
AQI2464,Nairobi,Kenya,2024-01-14,4.3,40.1,6.0,77.8,2023.0,15.4,453.8,10.3,51.8,74.9,24.5,12.7,1.78,36.7,79.7
AQI1139,Beijing,China,2024-02-08,21.39,82.2,22.0,88.9,17964.0,12.3,481.5,12.6,85.5,124.5,40.7,20.9,2.52,33.9,129.8
AQI1164,Shanghai,China,2024-01-14,24.43,69.3,25.9,90.4,25603.0,34.8,461.9,5.5,65.2,99.7,35.8,12.7,2.52,26.2,89.9
AQI2778,KUALA LUMPUR,Malaysia,2024-01-28,8.48,52.2,55.3,93.6,11160.0,13.1,473.7,27.7,38.9,62.5,29.3,7.0,2.25,17.1,71.8
AQI2447,Hong Kong,China,2024-02-16,7.57,46.2,47.6,99.6,46494.0,47.0,437.9,37.1,44.6,86.8,26.9,3.2,1.77,34.1,69.7
AQI1961,Seoul,South Korea,2024-01-11,9.44,53.5,23.2,93.8,33071.0,41.4,409.7,5.8,52.4,83.6,23.7,12.3,2.04,28.4,69.6
AQI2437,Hong Kong,China,2024-02-06,7.57,46.2,47.6,99.6,46494.0,47.0,437.9,37.1,38.9,64.2,23.9,9.2,1.7,25.4,54.9
AQI2239,Rome,Italy,2024-02-08,4.27,37.2,32.0,92.7,35529.0,47.6,322.5,25.5,39.6,58.2,19.2,3.1,1.75,36.0,49.2
AQI2937,Stockholm,Sweden,2024-02-06,1.81,26.2,69.9,97.7,60164.0,51.8,336.6,37.6,15.0,33.0,17.8,2.6,1.42,36.3,25.7
AQI2925,Stockholm,Sweden,2024-01-25,1.81,26.2,69.9,97.7,60164.0,51.8,336.6,37.6,27.7,39.8,12.6,1.6,1.01,40.5,28.5
AQI2297,Toronto,CANADA,2024-02-16,2.62,28.2,28.8,91.2,50568.0,59.3,277.0,22.5,40.4,65.3,10.4,6.2,1.2,10.5,57.4
AQI2801,Ho Chi Minh City,Vietnam,2024-01-01,9.59,55.0,39.4,81.4,4512.0,12.7,422.8,24.8,45.1,71.1,21.9,16.3,1.85,33.1,75.8
AQI1634,New York,USA,2024-02-03,8.5,42.2,36.0,94.8,74047.0,58.9,335.3,35.6,33.1,54.3,20.4,7.3,1.83,24.2,61.9
AQI2569,Buenos Aires,Argentina,2024-01-19,15.51,40.7,16.2,89.5,10293.0,24.9,419.3,1.0,53.8,85.2,23.1,10.7,1.41,38.0,77.5
AQI1656,Sao Paulo,Brazil,2024-01-06,21.91,48.2,42.3,90.6,12592.0,19.1,482.3,11.2,55.5,89.6,26.2,8.4,1.71,40.3,83.3
AQI1017,Delhi,India,2024-01-17,20.19,77.8,33.4,94.3,2582.0,11.2,593.5,14.9,77.5,118.5,48.1,16.9,3.12,56.9,112.0
AQI2627,Santiago,Chile,2024-01-27,6.58,44.2,13.9,88.4,16282.0,29.7,374.4,1.0,62.0,98.9,23.8,14.1,2.15,34.9,90.7
AQI2960,Wellington,New Zealand,2024-01-10,0.45,20.1,31.4,86.7,48404.0,57.2,253.7,18.9,7.2,8.4,6.1,5.3,0.8,43.7,18.0
AQI1138,Beijing,China,2024-02-07,21.39,82.2,22.0,88.9,17964.0,12.3,481.5,12.6,83.2,133.0,36.2,27.5,3.08,34.5,122.5
AQI2222,rome,Italy,2024-01-22,4.27,37.2,32.0,92.7,35529.0,47.6,322.5,25.5,33.1,41.2,17.4,9.8,1.59,41.4,48.0
AQI1698,Sao Paulo,Brazil,2024-02-17,21.91,48.2,42.3,90.6,12592.0,19.1,482.3,11.2,57.9,91.9,31.3,9.4,2.13,40.8,101.2
AQI2098,Paris,France,2024-02-17,11.3,34.0,21.1,93.6,47249.0,52.6,349.0,10.9,37.5,52.8,14.9,1.0,1.65,57.4,55.6
AQI2612,Santiago,Chile,2024-01-12,6.58,44.2,13.9,88.4,16282.0,29.7,374.4,1.0,58.8,95.8,27.3,11.7,2.09,40.1,79.0
AQI1449,Cairo,EGYPT,2024-02-18,20.65,62.5,7.3,82.7,4267.0,23.4,427.6,2.1,85.8,140.0,39.3,13.7,2.81,54.1,128.1
AQI2891,Warsaw,Poland,2024-02-10,2.19,46.7,18.0,87.6,18206.0,28.6,369.0,11.4,56.7,96.2,18.4,14.0,1.39,33.6,65.1
AQI1328,Jakarta,Indonesia,2024-01-28,10.45,57.5,49.8,89.5,4903.0,18.6,401.2,15.7,55.0,85.1,24.8,15.9,1.94,43.1,84.1
AQI1318,Jakarta,Indonesia,2024-01-18,10.45,57.5,49.8,89.5,4903.0,18.6,401.2,15.7,35.8,61.4,23.4,15.8,2.2,15.3,55.3
AQI2534,Johannesburg,South Africa,2024-02-03,,46.2,6.9,81.4,6932.0,19.9,394.8,1.0,63.1,86.9,25.0,11.3,1.93,48.4,89.0
AQI1527,Mexico City,Mexico,2024-01-27,22.38,57.0,35.7,88.2,11525.0,14.1,424.1,3.1,65.6,101.9,27.6,12.3,1.68,39.4,83.2
AQI1088,Mumbai,India,2024-02-07,12.56,63.8,,97.3,3190.0,17.5,511.8,4.8,64.9,97.8,32.5,17.3,2.75,19.8,102.9
AQI2660,Riyadh,Saudi Arabia,2024-01-10,7.97,67.1,3.6,84.6,23083.0,32.3,440.6,1.0,74.6,118.7,31.1,17.8,2.09,35.9,116.4
AQI1149,Beijing,China,2024-02-18,21.39,82.2,22.0,88.9,17964.0,12.3,481.5,12.6,92.3,130.6,47.7,17.7,2.71,25.5,122.6
AQI2619,Santiago,Chile,2024-01-19,6.58,44.2,13.9,88.4,16282.0,29.7,374.4,1.0,55.8,82.4,34.4,15.0,1.7,46.6,74.6
AQI2324,Sydney,Australia,2024-01-24,5.88,29.5,47.0,94.6,56779.0,56.6,330.3,19.9,35.9,58.2,21.5,5.4,1.18,18.9,54.3
AQI2459,Nairobi,Kenya,2024-01-09,4.3,40.1,6.0,77.8,2023.0,15.4,453.8,10.3,58.9,87.9,19.8,10.3,1.89,31.2,86.6
AQI1366,Karachi,Pakistan,2024-01-16,15.59,72.9,19.0,88.0,1826.0,16.1,522.7,3.1,83.4,137.6,41.4,20.4,3.08,41.2,119.3
AQI1590,Los Angeles,USA,2024-02-09,4.01,46.8,42.7,95.8,66782.0,47.0,384.8,40.7,24.7,25.1,27.6,9.6,2.1,19.9,44.7
AQI2509,Johannesburg,South Africa,2024-01-09,5.55,46.2,6.9,81.4,6932.0,19.9,394.8,1.0,62.2,95.5,20.7,12.5,1.58,44.0,83.1
AQI1199,Shanghai,China,2024-02-18,24.43,69.3,25.9,90.4,25603.0,34.8,461.9,5.5,85.9,140.5,39.9,21.0,2.44,27.7,118.0
AQI2892,Warsaw,Poland,2024-02-11,2.19,46.7,18.0,87.6,18206.0,28.6,369.0,11.4,56.6,86.7,28.4,12.9,2.03,26.5,87.5
AQI1193,Shanghai,China,2024-02-12,24.43,69.3,25.9,90.4,25603.0,34.8,461.9,5.5,67.2,113.7,34.2,23.2,2.76,31.2,113.0
AQI1405,Cairo,Egypt,2024-01-05,20.65,62.5,7.3,82.7,4267.0,23.4,427.6,2.1,67.1,104.9,30.6,18.2,1.86,46.4,94.9
AQI2680,Riyadh,Saudi Arabia,2024-01-30,7.97,67.1,3.6,84.6,23083.0,32.3,440.6,1.0,77.8,117.8,45.1,14.1,2.59,43.8,107.6
AQI2981,Wellington,New Zealand,2024-01-31,0.45,20.1,31.4,86.7,48404.0,57.2,253.7,18.9,24.2,48.2,9.8,1.0,1.01,40.0,40.2
AQI1484,Lagos,Nigeria,2024-02-03,14.99,59.0,26.1,84.5,3314.0,23.4,475.8,8.3,77.6,125.1,36.5,15.8,1.88,32.0,110.6
AQI2458,Nairobi,Kenya,2024-01-08,4.3,40.1,6.0,77.8,2023.0,15.4,453.8,10.3,47.2,73.6,18.7,10.7,1.58,44.0,69.7
AQI1792,Bangkok,Thailand,2024-02-11,10.37,60.3,30.7,87.9,8306.0,23.6,556.5,1.0,50.7,85.2,35.3,10.2,2.82,60.4,82.7
AQI1800,Bangkok,Thailand,2024-02-19,10.37,60.3,30.7,87.9,8306.0,23.6,556.5,1.0,77.2,119.0,28.7,14.0,2.06,13.3,104.8
AQI1385,Karachi,Pakistan,2024-02-04,15.59,72.9,19.0,88.0,1826.0,16.1,522.7,3.1,73.0,115.9,37.1,18.7,2.72,29.6,101.8
AQI1751,Bangkok,Thailand,2024-01-01,10.37,60.3,30.7,87.9,8306.0,23.6,556.5,1.0,58.3,90.0,28.8,13.5,2.15,52.2,90.8
AQI1423,Cairo,Egypt,2024-01-23,20.65,62.5,7.3,82.7,4267.0,23.4,427.6,2.1,74.0,121.1,30.9,17.3,1.57,32.3,106.4
AQI1315,JAKARTA,Indonesia,2024-01-15,10.45,57.5,49.8,89.5,4903.0,18.6,401.2,15.7,34.0,56.6,33.5,12.6,1.28,34.5,58.3
AQI2022,London,UK,2024-01-22,9.16,34.9,30.7,95.0,49864.0,50.8,434.4,21.7,50.0,74.4,26.4,7.5,1.12,41.8,70.2
AQI1544,Mexico City,MEXICO,2024-02-13,22.38,57.0,35.7,88.2,11525.0,14.1,6224.996065509048,3.1,67.5,112.1,34.4,12.2,1.64,30.7,101.8
AQI1914,Tokyo,JAPAN,2024-01-14,37.17,38.7,66.7,94.3,39161.0,45.6,363.2,28.7,28.4,46.0,24.7,1.2,1.63,33.9,49.3
AQI1663,Sao Paulo,Brazil,2024-01-13,21.91,48.2,42.3,90.6,12592.0,19.1,482.3,11.2,47.8,69.9,24.2,11.7,2.48,31.1,70.9
AQI1903,Tokyo,Japan,2024-01-03,37.17,38.7,66.7,94.3,39161.0,45.6,363.2,28.7,21.7,31.9,29.2,4.0,1.88,26.9,40.5
AQI2546,Johannesburg,South Africa,2024-02-15,5.55,46.2,6.9,81.4,6932.0,19.9,394.8,1.0,70.2,120.0,21.9,11.6,1.91,53.7,101.9
AQI1686,Sao Paulo,Brazil,2024-02-05,21.91,48.2,42.3,90.6,12592.0,19.1,482.3,11.2,41.4,67.9,24.4,9.8,2.55,41.9,67.5
AQI2674,Riyadh,Saudi Arabia,2024-01-24,7.97,67.1,3.6,84.6,23083.0,32.3,440.6,1.0,70.0,115.8,36.4,18.6,2.57,64.9,114.8
AQI1160,Shanghai,China,2024-01-10,24.43,69.3,25.9,90.4,25603.0,34.8,461.9,5.5,64.7,97.0,30.0,22.5,2.3,26.2,83.5
AQI2000,Seoul,South Korea,2024-02-19,9.44,53.5,23.2,93.8,33071.0,41.4,409.7,5.8,63.2,98.8,17.0,16.3,1.75,28.0,85.6
AQI2298,Toronto,Canada,2024-02-17,2.62,28.2,28.8,91.2,,59.3,277.0,22.5,34.5,55.3,19.0,2.0,1.24,20.0,52.2
AQI2774,Kuala Lumpur,Malaysia,2024-01-24,8.48,52.2,55.3,93.6,11160.0,13.1,473.7,27.7,36.5,57.3,29.8,9.2,1.84,36.8,63.7
AQI1203,Lahore,Pakistan,2024-01-03,,73.1,13.5,85.4,1687.0,22.3,511.7,11.1,73.0,106.3,40.3,21.3,2.98,44.7,108.0
AQI2024,London,UK,2024-01-24,9.16,34.9,30.7,95.0,49864.0,50.8,434.4,21.7,34.1,72.3,23.8,13.5,2.08,37.8,61.3
AQI2530,Johannesburg,South Africa,2024-01-30,5.55,46.2,6.9,81.4,6932.0,19.9,394.8,1.0,67.5,113.0,25.1,,1.72,17.4,95.1
AQI2901,Stockholm,Sweden,2024-01-01,1.81,26.2,69.9,97.7,60164.0,51.8,336.6,37.6,3.0,5.0,26.6,2.2,1.32,17.3,10.0
AQI1113,Beijing,China,2024-01-13,21.39,82.2,22.0,88.9,17964.0,12.3,481.5,12.6,86.5,133.0,41.0,21.6,3.26,38.7,131.3
AQI2804,Ho Chi Minh City,Vietnam,2024-01-04,9.59,55.0,39.4,81.4,4512.0,12.7,422.8,24.8,44.0,65.4,22.7,10.5,2.16,28.9,53.3
AQI2404,Hong Kong,China,2024-01-04,7.57,46.2,47.6,99.6,46494.0,47.0,437.9,37.1,24.8,33.1,26.5,8.5,1.37,37.6,34.8
AQI1981,Seoul,South Korea,2024-01-31,9.44,53.5,23.2,93.8,33071.0,41.4,409.7,5.8,71.2,104.2,24.6,12.9,2.33,40.5,100.9
AQI1923,Tokyo,Japan,2024-01-23,37.17,38.7,66.7,94.3,39161.0,45.6,363.2,28.7,24.4,40.2,22.6,6.6,2.08,39.6,37.9
AQI2482,Nairobi,Kenya,2024-02-01,4.3,40.1,6.0,77.8,2023.0,15.4,453.8,10.3,56.6,97.3,18.1,,2.09,52.9,79.8
AQI2707,Tehran,Iran,2024-01-07,8.82,59.2,3.4,82.5,4984.0,11.8,391.7,6.0,72.6,118.8,26.3,21.0,1.65,38.6,107.5
AQI2415,Hong Kong,China,2024-01-15,7.57,46.2,47.6,99.6,46494.0,47.0,437.9,37.1,37.7,54.1,20.1,8.3,1.56,28.1,49.8
AQI2881,Warsaw,Poland,2024-01-31,2.19,46.7,18.0,87.6,18206.0,28.6,369.0,11.4,53.7,93.8,25.7,11.9,1.89,41.8,84.5
AQI1816,Manila,Philippines,2024-01-16,13.86,58.9,24.1,87.1,4432.0,15.6,432.2,6.4,49.6,70.4,20.0,17.9,2.02,65.7,69.6
AQI2767,Kuala Lumpur,Malaysia,2024-01-17,8.48,52.2,55.3,93.6,11160.0,13.1,473.7,27.7,50.5,72.7,34.8,13.4,2.12,47.9,84.3
AQI2288,Toronto,Canada,2024-02-07,2.62,28.2,28.8,91.2,50568.0,59.3,277.0,22.5,32.6,46.8,12.5,4.9,1.09,45.1,39.4
AQI1680,Sao Paulo,Brazil,2024-01-30,21.91,48.2,42.3,90.6,12592.0,19.1,482.3,11.2,36.2,59.1,28.3,11.8,1.99,64.4,68.1
AQI2094,Paris,France,2024-02-13,11.3,34.0,21.1,93.6,47249.0,52.6,349.0,10.9,42.1,68.6,13.6,5.9,1.71,43.3,60.4
AQI1081,Mumbai,India,2024-01-31,12.56,63.8,21.6,97.3,3190.0,17.5,511.8,4.8,69.3,115.5,25.7,20.6,2.53,32.6,104.6
AQI2757,Kuala Lumpur,Malaysia,2024-01-07,8.48,52.2,55.3,93.6,11160.0,13.1,473.7,27.7,40.9,63.1,26.8,17.1,1.87,32.3,71.5
AQI2341,Sydney,Australia,2024-02-10,5.88,29.5,47.0,94.6,56779.0,56.6,330.3,19.9,16.7,26.5,19.1,2.7,0.65,45.6,30.1
AQI2529,Johannesburg,South Africa,2024-01-29,5.55,46.2,6.9,81.4,6932.0,19.9,394.8,1.0,66.4,113.5,20.3,14.9,1.54,61.3,91.4
AQI1753,Bangkok,Thailand,2024-01-03,10.37,60.3,30.7,87.9,8306.0,23.6,556.5,1.0,54.8,88.5,24.7,17.8,2.49,42.7,74.1
AQI2316,Sydney,Australia,2024-01-16,5.88,29.5,47.0,94.6,56779.0,56.6,330.3,19.9,24.7,41.3,16.9,6.3,1.32,23.2,36.7
AQI2055,Paris,France,2024-01-05,11.3,34.0,21.1,93.6,47249.0,52.6,349.0,10.9,45.1,73.7,25.9,6.5,1.23,34.7,58.3
AQI1243,Lahore,Pakistan,2024-02-12,11.05,73.1,13.5,85.4,1687.0,22.3,511.7,11.1,85.6,127.2,31.3,16.9,2.88,55.1,120.4
AQI2538,Johannesburg,South Africa,2024-02-07,5.55,46.2,6.9,81.4,6932.0,19.9,394.8,1.0,54.9,87.5,23.2,13.1,1.73,37.6,75.7
AQI1642,New York,USA,2024-02-11,8.5,42.2,36.0,94.8,74047.0,58.9,335.3,35.6,40.7,68.4,11.1,7.9,1.65,31.8,65.8
AQI1697,Sao Paulo,Brazil,2024-02-16,21.91,48.2,42.3,90.6,12592.0,19.1,482.3,11.2,56.8,100.7,27.4,11.6,2.21,57.6,76.5
AQI1210,Lahore,Pakistan,2024-01-10,11.05,73.1,13.5,85.4,1687.0,22.3,511.7,11.1,70.5,111.8,34.3,22.2,2.88,38.9,113.0
AQI2211,Rome,Italy,2024-01-11,4.27,37.2,32.0,92.7,35529.0,47.6,322.5,25.5,42.8,77.8,18.6,10.8,1.33,44.2,65.8
AQI1771,Bangkok,Thailand,2024-01-21,10.37,60.3,30.7,87.9,8306.0,23.6,556.5,1.0,48.1,67.9,28.0,13.4,2.65,29.3,69.3
AQI2751,Kuala Lumpur,Malaysia,2024-01-01,8.48,52.2,55.3,93.6,11160.0,13.1,473.7,27.7,28.2,40.7,23.0,10.1,1.98,29.0,44.0
AQI1436,Cairo,Egypt,2024-02-05,20.65,62.5,7.3,82.7,4267.0,23.4,427.6,2.1,69.7,117.9,41.7,15.8,2.13,43.8,102.6
AQI2064,Paris,France,2024-01-14,11.3,34.0,21.1,93.6,47249.0,52.6,349.0,10.9,51.6,74.7,21.3,4.1,1.34,28.8,66.9
AQI1975,Seoul,South Korea,2024-01-25,9.44,53.5,23.2,93.8,33071.0,41.4,409.7,5.8,66.2,94.2,20.8,16.7,,29.8,84.6
AQI1552,Los Angeles,USA,2024-01-02,4.01,46.8,42.7,95.8,66782.0,47.0,384.8,40.7,38.6,58.2,20.3,9.3,1.67,44.8,59.7
AQI2392,Singapore,Singapore,2024-02-11,5.42,54.4,23.4,100.0,72404.0,66.4,373.3,13.3,46.0,77.8,25.4,16.6,2.04,31.6,71.7
AQI2444,Hong Kong,China,2024-02-13,7.57,46.2,47.6,99.6,46494.0,47.0,437.9,37.1,37.5,61.3,24.0,6.7,2.36,27.6,54.3
AQI2014,London,UK,2024-01-14,9.16,34.9,30.7,95.0,49864.0,50.8,434.4,21.7,56.1,101.7,20.2,7.6,2.07,33.9,79.1
AQI2882,Warsaw,Poland,2024-02-01,2.19,46.7,18.0,87.6,18206.0,28.6,369.0,11.4,35.6,47.6,27.9,7.2,1.82,33.8,50.4
AQI1467,Lagos,Nigeria,2024-01-17,14.99,59.0,26.1,84.5,3314.0,23.4,475.8,8.3,50.6,88.3,26.5,20.1,2.2,52.0,83.6
AQI2744,Tehran,Iran,2024-02-13,8.82,59.2,3.4,82.5,4984.0,11.8,391.7,6.0,73.0,111.3,34.6,13.8,2.01,42.4,110.4
AQI2303,Sydney,Australia,2024-01-03,5.88,29.5,47.0,94.6,56779.0,56.6,330.3,19.9,32.6,50.3,13.4,6.3,1.46,31.1,55.5
AQI1278,Dhaka,Bangladesh,2024-01-28,20.95,68.2,20.6,89.0,2717.0,9.6,480.2,1.0,77.2,119.7,38.4,21.3,2.76,48.8,117.5
AQI2070,Paris,France,2024-01-20,11.3,34.0,21.1,93.6,47249.0,52.6,349.0,10.9,33.9,62.4,20.1,4.5,1.69,45.8,57.8
AQI2018,London,UK,2024-01-18,9.16,34.9,30.7,95.0,49864.0,50.8,434.4,21.7,45.5,77.9,20.1,1.0,1.47,29.1,60.4
AQI2319,Sydney,Australia,2024-01-19,5.88,29.5,47.0,94.6,56779.0,56.6,330.3,19.9,15.0,24.5,23.5,1.0,1.07,27.4,26.2
AQI1723,Moscow,Russia,2024-01-23,12.52,51.6,49.7,92.2,14053.0,36.7,426.8,24.6,45.4,83.4,20.9,5.6,1.97,32.7,70.1
AQI2948,Stockholm,Sweden,2024-02-17,1.81,26.2,69.9,97.7,60164.0,51.8,336.6,37.6,3.0,5.0,11.6,1.0,1.32,62.4,17.8
AQI1787,Bangkok,Thailand,2024-02-06,10.37,60.3,30.7,87.9,8306.0,23.6,556.5,1.0,55.3,93.7,32.5,16.3,2.19,42.5,95.9
AQI2810,Ho Chi Minh City,Vietnam,2024-01-10,9.59,55.0,39.4,81.4,4512.0,12.7,422.8,24.8,37.1,65.8,33.4,11.1,2.52,19.5,60.2
AQI2306,Sydney,Australia,2024-01-06,5.88,29.5,47.0,94.6,56779.0,56.6,330.3,19.9,25.4,34.7,17.1,1.0,1.46,39.6,43.5
AQI2391,singapore,Singapore,2024-02-10,5.42,54.4,23.4,100.0,72404.0,66.4,373.3,13.3,54.2,90.9,28.5,8.7,2.08,40.8,75.9
AQI2610,Santiago,Chile,2024-01-10,6.58,44.2,13.9,88.4,16282.0,29.7,374.4,1.0,52.7,87.9,18.0,7.4,1.82,31.6,67.5
AQI1907,Tokyo,Japan,2024-01-07,37.17,38.7,66.7,94.3,39161.0,45.6,363.2,28.7,20.8,35.6,31.5,9.5,1.85,26.4,47.2
AQI1564,Los Angeles,USA,2024-01-14,4.01,46.8,42.7,95.8,66782.0,47.0,384.8,40.7,33.9,54.2,19.9,10.2,1.98,17.4,54.9
AQI1389,Karachi,Pakistan,2024-02-08,15.59,72.9,19.0,88.0,1826.0,16.1,5567.721049035183,3.1,84.7,131.6,31.5,17.0,2.51,33.6,114.7
AQI1023,Delhi,India,2024-01-23,20.19,77.8,33.4,94.3,2582.0,11.2,593.5,14.9,82.0,126.3,45.9,22.3,3.19,54.0,121.7
AQI2577,Buenos Aires,Argentina,2024-01-27,15.51,40.7,16.2,89.5,10293.0,24.9,419.3,1.0,47.5,87.8,27.3,12.9,2.16,55.9,67.6
AQI1125,Beijing,China,2024-01-25,21.39,82.2,22.0,88.9,17964.0,12.3,481.5,12.6,88.6,148.7,48.9,24.9,2.77,38.2,137.6
AQI2243,Rome,Italy,2024-02-12,4.27,37.2,32.0,92.7,35529.0,47.6,322.5,25.5,28.8,58.3,21.6,8.1,1.11,41.4,47.7
AQI1774,Bangkok,Thailand,2024-01-24,10.37,60.3,30.7,87.9,8306.0,23.6,556.5,1.0,66.2,116.1,40.1,19.1,2.36,31.7,92.9
AQI1881,Istanbul,Turkey,2024-01-31,15.58,54.7,15.3,88.9,10428.0,22.0,432.0,1.0,48.6,83.7,25.3,17.1,2.09,38.0,74.8
AQI2145,Berlin,Germany,2024-02-14,3.43,38.5,31.6,95.6,49941.0,49.6,423.3,25.5,39.7,64.1,20.9,10.5,1.84,56.0,73.4
AQI2167,Madrid,Spain,2024-01-17,,37.2,33.1,92.5,33551.0,34.2,385.5,21.4,54.9,93.6,19.8,5.1,1.41,29.1,80.2
AQI1051,Mumbai,India,2024-01-01,12.56,63.8,21.6,97.3,3190.0,17.5,511.8,4.8,61.8,99.0,33.6,14.9,2.43,41.7,100.1
AQI2514,Johannesburg,South Africa,2024-01-14,5.55,46.2,6.9,81.4,,19.9,394.8,1.0,51.1,74.1,17.9,10.0,1.95,35.2,71.6
AQI2455,Nairobi,Kenya,2024-01-05,4.3,40.1,6.0,77.8,2023.0,15.4,453.8,10.3,58.7,93.9,26.7,12.2,1.76,39.0,80.0
AQI2106,Berlin,Germany,2024-01-06,3.43,38.5,31.6,95.6,49941.0,49.6,423.3,25.5,38.8,70.0,26.2,3.7,2.04,32.1,64.9
AQI1704,Moscow,Russia,2024-01-04,12.52,51.6,49.7,92.2,14053.0,36.7,426.8,24.6,24.5,38.1,23.4,13.7,2.33,11.8,44.2
AQI1483,Lagos,Nigeria,2024-02-02,14.99,59.0,26.1,84.5,3314.0,23.4,475.8,8.3,38.8,74.4,36.8,14.1,2.29,24.4,75.7
AQI2146,Berlin,Germany,2024-02-15,3.43,38.5,31.6,95.6,49941.0,49.6,423.3,25.5,41.0,42.6,26.5,5.9,1.41,31.3,55.0
AQI2907,Stockholm,Sweden,2024-01-07,1.81,26.2,69.9,97.7,60164.0,51.8,336.6,37.6,12.4,17.9,24.5,5.2,1.27,31.5,33.7
AQI1067,Mumbai,India,2024-01-17,12.56,63.8,21.6,97.3,3190.0,17.5,511.8,4.8,88.7,148.7,32.5,14.3,1.94,38.8,119.7
AQI2717,Tehran,Iran,2024-01-17,8.82,59.2,3.4,82.5,4984.0,11.8,391.7,6.0,76.7,132.3,34.2,20.8,1.95,33.1,107.3
AQI1734,Moscow,Russia,2024-02-03,12.52,51.6,49.7,92.2,14053.0,36.7,426.8,24.6,38.3,58.4,20.0,8.7,1.67,28.4,53.7
AQI2781,Kuala Lumpur,Malaysia,2024-01-31,8.48,52.2,55.3,93.6,11160.0,13.1,473.7,27.7,42.9,66.1,20.1,18.8,1.72,33.9,56.5
AQI1802,Manila,Philippines,2024-01-02,13.86,58.9,24.1,87.1,4432.0,15.6,432.2,6.4,44.1,60.0,32.5,14.5,2.24,36.2,64.1
AQI2543,Johannesburg,South Africa,2024-02-12,5.55,46.2,6.9,81.4,6932.0,19.9,394.8,1.0,59.9,102.3,23.5,15.1,2.21,33.1,87.3
AQI2467,nairobi,Kenya,2024-01-17,4.3,40.1,6.0,77.8,2023.0,15.4,453.8,10.3,60.6,97.5,21.6,13.3,1.64,20.3,87.2
AQI1908,Tokyo,Japan,2024-01-08,37.17,38.7,66.7,94.3,39161.0,45.6,363.2,28.7,19.5,33.8,19.7,9.2,1.79,42.7,40.1
AQI1032,Delhi,India,2024-02-01,20.19,77.8,33.4,94.3,2582.0,11.2,593.5,14.9,83.8,134.4,35.7,19.0,3.15,27.7,122.4
AQI1418,Cairo,Egypt,2024-01-18,20.65,62.5,7.3,82.7,4267.0,23.4,427.6,2.1,76.0,122.0,32.4,14.4,2.34,41.5,102.6
AQI1882,Istanbul,Turkey,2024-02-01,15.58,54.7,15.3,88.9,10428.0,22.0,432.0,1.0,74.1,111.1,32.3,17.8,2.33,61.0,104.3
AQI1633,New York,USA,2024-02-02,8.5,42.2,36.0,94.8,74047.0,58.9,335.3,35.6,37.7,56.9,22.8,10.7,1.75,25.8,61.4
AQI2621,Santiago,Chile,2024-01-21,6.58,44.2,13.9,88.4,16282.0,29.7,374.4,1.0,47.4,69.3,18.7,11.8,1.32,30.4,69.9
AQI2436,Hong Kong,China,2024-02-05,7.57,46.2,47.6,99.6,46494.0,47.0,437.9,37.1,41.0,66.4,30.3,10.2,1.86,43.3,66.5
AQI1065,Mumbai,India,2024-01-15,12.56,63.8,21.6,97.3,3190.0,17.5,511.8,4.8,62.7,99.0,36.2,19.4,2.27,31.0,92.5
AQI2618,  Santiago  ,Chile,2024-01-18,6.58,44.2,13.9,88.4,16282.0,29.7,374.4,1.0,54.8,91.1,28.2,9.3,1.42,34.8,74.6
AQI2603,Santiago,Chile,2024-01-03,6.58,44.2,13.9,88.4,16282.0,29.7,374.4,1.0,37.9,53.2,22.8,12.1,1.59,33.1,54.4
AQI1078,Mumbai,India,2024-01-28,12.56,63.8,21.6,97.3,3190.0,17.5,511.8,4.8,63.5,98.6,31.0,18.4,2.3,39.7,104.1
AQI1492,Lagos,Nigeria,2024-02-11,14.99,59.0,26.1,84.5,3314.0,23.4,475.8,8.3,67.4,115.4,20.3,16.7,1.53,26.4,102.4
AQI2442,Hong Kong,China,2024-02-11,7.57,46.2,47.6,99.6,46494.0,47.0,437.9,37.1,55.0,89.5,27.4,12.2,1.79,34.7,74.2
AQI2772,Kuala Lumpur,Malaysia,2024-01-22,8.48,52.2,55.3,93.6,11160.0,13.1,473.7,27.7,53.1,70.2,26.6,15.7,2.05,27.7,77.2
AQI1533,Mexico City,Mexico,2024-02-02,22.38,57.0,35.7,88.2,11525.0,14.1,424.1,3.1,51.9,83.6,25.2,9.2,2.1,33.4,74.9
AQI1066,Mumbai,India,2024-01-16,12.56,63.8,21.6,97.3,3190.0,17.5,511.8,4.8,45.4,63.6,40.0,22.1,2.35,42.5,76.1
AQI2827,Ho Chi Minh City,Vietnam,2024-01-27,9.59,55.0,39.4,81.4,4512.0,12.7,422.8,24.8,58.6,96.9,33.3,12.8,1.89,26.6,85.9
AQI1297,Dhaka,Bangladesh,2024-02-16,20.95,68.2,20.6,89.0,2717.0,9.6,480.2,1.0,96.7,159.5,36.2,18.2,2.54,42.4,130.2
AQI1592,Los Angeles,USA,2024-02-11,4.01,46.8,42.7,95.8,66782.0,47.0,384.8,40.7,43.4,60.0,17.5,13.9,1.64,48.1,63.2
AQI1768,Bangkok,Thailand,2024-01-18,10.37,60.3,30.7,87.9,8306.0,23.6,556.5,1.0,52.1,70.2,39.8,17.5,2.58,37.1,74.3
AQI1725,Moscow,Russia,2024-01-25,12.52,51.6,49.7,92.2,14053.0,36.7,426.8,24.6,34.0,64.7,24.3,11.1,2.18,26.6,48.4
AQI2422,Hong Kong,China,2024-01-22,7.57,46.2,47.6,99.6,46494.0,47.0,437.9,37.1,45.0,63.5,25.5,11.3,2.06,26.6,81.7
AQI1627,New York,USA,2024-01-27,8.5,42.2,36.0,94.8,74047.0,58.9,335.3,35.6,40.7,61.6,26.3,7.9,1.72,25.0,58.4
AQI2646,Santiago,Chile,2024-02-15,6.58,44.2,13.9,88.4,16282.0,29.7,374.4,1.0,49.3,78.4,19.7,5.6,1.57,26.5,70.8
AQI2942,Stockholm,Sweden,2024-02-11,1.81,26.2,69.9,97.7,60164.0,51.8,336.6,37.6,3.0,5.0,13.1,1.6,0.98,14.6,10.0
AQI2213,Rome,Italy,2024-01-13,4.27,37.2,32.0,92.7,35529.0,47.6,322.5,25.5,41.0,67.6,13.4,11.3,2.04,36.7,64.7
AQI2945,Stockholm,Sweden,2024-02-14,1.81,26.2,69.9,97.7,60164.0,51.8,336.6,37.6,17.0,29.2,14.1,6.8,1.86,23.6,22.0
AQI1252,Dhaka,Bangladesh,2024-01-02,20.95,68.2,20.6,89.0,2717.0,9.6,480.2,1.0,53.3,87.0,38.8,14.2,2.8,32.1,85.6
AQI2816,Ho Chi Minh City,Vietnam,2024-01-16,9.59,55.0,39.4,81.4,4512.0,12.7,422.8,24.8,52.6,74.5,23.6,13.5,1.78,25.9,73.0
AQI2353,Singapore,Singapore,2024-01-03,5.42,54.4,23.4,100.0,72404.0,66.4,373.3,13.3,45.2,74.1,29.0,10.9,2.65,34.2,71.1
AQI2899,Warsaw,Poland,2024-02-18,2.19,46.7,,87.6,18206.0,28.6,369.0,11.4,47.0,84.3,15.0,15.4,1.71,32.4,71.0
AQI1983,Seoul,South Korea,2024-02-02,9.44,53.5,23.2,93.8,33071.0,41.4,409.7,5.8,68.0,116.2,19.5,10.0,1.3,28.7,96.8
AQI2769,Kuala Lumpur,Malaysia,2024-01-19,8.48,52.2,55.3,93.6,11160.0,13.1,473.7,27.7,37.0,55.4,28.0,11.3,2.23,15.5,58.5
AQI1707,Moscow,Russia,2024-01-07,12.52,51.6,49.7,92.2,14053.0,36.7,426.8,24.6,35.8,49.3,31.1,10.6,2.02,48.6,58.6
AQI1488,Lagos,Nigeria,2024-02-07,14.99,59.0,26.1,84.5,3314.0,23.4,475.8,8.3,50.4,78.7,30.3,16.7,2.12,41.2,87.4
AQI1274,Dhaka,Bangladesh,2024-01-24,20.95,68.2,20.6,89.0,2717.0,9.6,480.2,1.0,73.9,117.9,37.7,20.5,2.73,42.5,110.3
AQI2517,Johannesburg,South Africa,2024-01-17,5.55,46.2,6.9,81.4,6932.0,19.9,394.8,1.0,55.3,80.5,23.5,11.5,1.75,53.7,80.4
AQI2749,Tehran,Iran,2024-02-18,8.82,59.2,3.4,82.5,4984.0,11.8,391.7,6.0,78.9,138.9,33.8,16.7,2.06,34.2,109.1
AQI1964,Seoul,South Korea,2024-01-14,9.44,53.5,23.2,93.8,33071.0,41.4,409.7,5.8,,85.7,25.1,11.7,2.07,24.9,75.3
AQI1878,Istanbul,Turkey,2024-01-28,15.58,54.7,15.3,88.9,10428.0,22.0,432.0,1.0,71.7,111.2,26.2,11.4,2.32,52.2,100.2
AQI2950,  Stockholm  ,Sweden,2024-02-19,1.81,26.2,69.9,97.7,60164.0,51.8,336.6,37.6,11.9,10.5,18.3,6.4,1.23,22.8,24.8
AQI2809,Ho Chi Minh City,Vietnam,2024-01-09,9.59,55.0,39.4,81.4,4512.0,12.7,422.8,24.8,64.0,95.0,33.3,10.9,1.86,42.0,96.6
AQI1412,Cairo,Egypt,2024-01-12,20.65,62.5,7.3,82.7,4267.0,23.4,427.6,2.1,56.5,97.6,37.3,18.6,2.77,29.4,98.5
AQI1668,Sao Paulo,Brazil,2024-01-18,21.91,48.2,42.3,90.6,12592.0,19.1,482.3,11.2,49.9,69.7,23.6,19.7,2.06,41.0,71.2
AQI2263,Toronto,Canada,2024-01-13,2.62,28.2,28.8,91.2,50568.0,59.3,277.0,22.5,31.1,38.8,13.1,1.0,1.53,35.1,43.6
AQI1150,BEIJING,China,2024-02-19,21.39,82.2,108.98783252644056,88.9,17964.0,12.3,481.5,12.6,95.6,150.2,43.7,22.8,2.96,37.5,130.6
AQI1645,New York,USA,2024-02-14,8.5,42.2,36.0,94.8,74047.0,58.9,335.3,35.6,51.0,78.5,22.2,7.0,1.94,6.2,71.9
AQI2601,Santiago,Chile,2024-01-01,6.58,44.2,13.9,88.4,16282.0,29.7,374.4,1.0,74.0,117.5,21.1,11.4,1.63,39.1,107.2
AQI1219,Lahore,Pakistan,2024-01-19,11.05,73.1,13.5,85.4,1687.0,22.3,511.7,11.1,73.6,120.9,28.8,18.6,2.83,25.4,108.6
AQI1240,Lahore,Pakistan,2024-02-09,11.05,73.1,13.5,85.4,1687.0,22.3,511.7,11.1,85.3,133.2,36.1,21.1,2.65,45.1,120.1
AQI2132,Berlin,Germany,2024-02-01,3.43,38.5,31.6,95.6,49941.0,49.6,423.3,25.5,33.3,50.4,10.9,4.0,1.06,34.9,51.2
AQI2217,Rome,Italy,2024-01-17,4.27,37.2,32.0,92.7,35529.0,47.6,322.5,25.5,25.3,38.4,24.5,8.9,1.63,36.7,46.3
AQI1793,Bangkok,Thailand,2024-02-12,10.37,60.3,30.7,87.9,8306.0,23.6,556.5,1.0,57.2,108.4,25.2,15.4,2.48,48.9,91.1
AQI1192,shanghai,China,2024-02-11,24.43,69.3,25.9,90.4,25603.0,34.8,461.9,5.5,65.2,103.3,45.8,13.6,2.07,50.8,97.5
AQI1334,Jakarta,Indonesia,2024-02-03,10.45,57.5,49.8,89.5,4903.0,18.6,401.2,15.7,39.7,68.9,34.3,8.3,1.78,17.6,60.1
AQI2318,Sydney,Australia,2024-01-18,5.88,29.5,47.0,94.6,56779.0,56.6,330.3,19.9,11.3,18.8,15.8,6.2,1.28,15.4,21.8
AQI2321,Sydney,Australia,2024-01-21,5.88,29.5,47.0,94.6,56779.0,56.6,330.3,19.9,29.2,47.0,21.5,3.1,1.42,32.5,45.6
AQI1963,Seoul,South Korea,2024-01-13,9.44,53.5,23.2,93.8,33071.0,41.4,409.7,5.8,45.6,69.8,23.8,9.4,1.97,21.8,72.2
AQI2317,Sydney,Australia,2024-01-17,5.88,29.5,47.0,94.6,56779.0,56.6,330.3,19.9,6.8,23.0,20.6,1.2,1.23,26.6,28.2
AQI2946,Stockholm,Sweden,2024-02-15,1.81,26.2,69.9,97.7,60164.0,51.8,336.6,37.6,3.0,12.7,14.0,2.3,0.68,22.0,10.5
AQI2648,Santiago,Chile,2024-02-17,6.58,44.2,13.9,88.4,16282.0,29.7,374.4,1.0,56.5,98.3,20.0,5.5,1.47,55.2,73.6
AQI2693,Riyadh,Saudi Arabia,2024-02-12,7.97,67.1,3.6,84.6,23083.0,32.3,440.6,1.0,78.3,128.2,29.0,15.9,2.59,38.7,113.5
AQI1583,Los Angeles,USA,2024-02-02,4.01,46.8,42.7,95.8,66782.0,47.0,384.8,40.7,25.9,40.5,21.0,6.7,1.69,38.5,43.8
AQI2905,Stockholm,Sweden,2024-01-05,1.81,26.2,69.9,97.7,60164.0,51.8,336.6,37.6,6.2,7.5,6.6,1.0,1.6,24.8,15.2
AQI2669,Riyadh,Saudi Arabia,2024-01-19,7.97,67.1,3.6,84.6,23083.0,32.3,440.6,1.0,64.4,95.9,39.2,10.7,2.18,9.5,88.2
AQI1840,Manila,Philippines,2024-02-09,13.86,58.9,24.1,87.1,4432.0,15.6,432.2,6.4,57.6,91.8,32.9,16.3,2.51,41.2,83.8
AQI1628,New York,USA,2024-01-28,8.5,42.2,36.0,94.8,74047.0,58.9,335.3,35.6,33.8,59.2,30.3,5.5,1.92,12.9,49.2
AQI1324,Jakarta,Indonesia,2024-01-24,10.45,57.5,49.8,89.5,4903.0,18.6,401.2,15.7,40.6,61.6,23.6,15.2,2.29,37.1,72.9
AQI2639,Santiago,Chile,2024-02-08,6.58,44.2,13.9,88.4,16282.0,29.7,374.4,1.0,46.7,89.4,27.4,10.5,1.47,36.8,70.6
AQI2161,Madrid,Spain,2024-01-11,6.87,37.2,33.1,92.5,33551.0,34.2,385.5,21.4,38.4,56.4,24.4,10.1,1.53,43.4,54.7
AQI1779,Bangkok,Thailand,2024-01-29,10.37,60.3,30.7,87.9,8306.0,23.6,556.5,1.0,51.8,71.2,28.4,16.0,2.02,35.6,85.9
AQI2077,Paris,France,2024-01-27,11.3,34.0,21.1,93.6,47249.0,52.6,349.0,10.9,35.8,52.0,21.0,2.5,1.42,40.2,59.6
AQI1940,tokyo,Japan,2024-02-09,37.17,38.7,66.7,94.3,39161.0,45.6,363.2,28.7,42.3,62.8,25.4,2.8,2.41,46.8,60.9
AQI1438,Cairo,Egypt,2024-02-07,20.65,62.5,7.3,82.7,4267.0,23.4,427.6,2.1,75.9,111.1,40.9,17.3,2.45,48.4,104.9
AQI1120,Beijing,China,2024-01-20,21.39,82.2,22.0,88.9,17964.0,12.3,481.5,12.6,82.3,128.4,45.1,23.6,2.37,52.2,-129.8
AQI2356,Singapore,Singapore,2024-01-06,5.42,54.4,23.4,100.0,72404.0,66.4,373.3,13.3,37.4,53.5,30.0,8.0,1.79,41.0,58.6
AQI2559,Buenos Aires,Argentina,2024-01-09,15.51,40.7,16.2,89.5,10293.0,24.9,419.3,1.0,34.7,69.7,34.9,10.7,1.43,47.2,59.8
AQI2027,London,UK,2024-01-27,9.16,34.9,30.7,95.0,49864.0,50.8,434.4,21.7,31.0,50.4,17.6,9.9,2.05,44.0,52.9
AQI2254,Toronto,Canada,2024-01-04,2.62,28.2,28.8,91.2,50568.0,59.3,277.0,22.5,25.1,38.3,21.4,3.7,1.39,33.4,49.3
AQI2375,Singapore,Singapore,2024-01-25,5.42,54.4,23.4,100.0,72404.0,66.4,373.3,13.3,45.1,64.7,24.4,11.1,1.97,39.0,63.5
AQI1077,Mumbai,India,2024-01-27,12.56,63.8,21.6,97.3,3190.0,17.5,511.8,4.8,69.5,107.6,33.6,16.7,2.77,39.3,104.1
AQI2054,Paris,France,2024-01-04,11.3,34.0,21.1,93.6,47249.0,52.6,349.0,10.9,30.2,52.8,27.7,7.5,2.07,21.6,45.9
AQI1901,Tokyo,Japan,2024-01-01,37.17,38.7,66.7,94.3,39161.0,45.6,363.2,28.7,19.5,27.5,19.0,3.0,1.52,40.0,30.7
AQI1372,Karachi,Pakistan,2024-01-22,15.59,72.9,19.0,88.0,1826.0,16.1,522.7,3.1,66.2,109.5,32.8,21.5,2.25,45.6,93.1
AQI2859,Warsaw,Poland,2024-01-09,2.19,46.7,18.0,87.6,18206.0,28.6,369.0,11.4,42.8,73.9,26.1,8.4,1.9,40.2,78.6
AQI2955,Wellington,New Zealand,2024-01-05,0.45,20.1,31.4,86.7,48404.0,57.2,253.7,18.9,22.0,35.9,9.6,1.0,1.59,43.4,48.3
AQI2971,Wellington,New Zealand,2024-01-21,0.45,20.1,31.4,86.7,48404.0,57.2,253.7,18.9,15.6,22.1,9.5,1.0,0.15,39.1,25.6
AQI1942,tokyo,Japan,2024-02-11,37.17,38.7,66.7,94.3,39161.0,45.6,363.2,28.7,24.6,29.2,24.6,1.3,1.42,20.0,33.9
AQI1578,Los Angeles,USA,2024-01-28,4.01,46.8,42.7,95.8,66782.0,47.0,384.8,40.7,34.5,54.9,25.1,12.2,1.75,39.8,64.4
AQI1820,Manila,Philippines,2024-01-20,13.86,58.9,24.1,87.1,4432.0,15.6,432.2,6.4,57.0,87.4,31.7,16.8,1.91,49.1,80.3
AQI2465,Nairobi,Kenya,2024-01-15,4.3,40.1,6.0,77.8,2023.0,15.4,453.8,10.3,46.1,69.1,16.4,11.2,1.43,32.3,61.8
AQI2964,Wellington,New Zealand,2024-01-14,0.45,20.1,31.4,86.7,48404.0,57.2,253.7,18.9,15.5,19.6,7.0,1.4,1.09,42.0,20.3
AQI2952,Wellington,New Zealand,2024-01-02,0.45,20.1,31.4,86.7,48404.0,57.2,253.7,18.9,22.9,34.8,11.8,5.6,0.74,39.3,34.5
AQI2376,  Singapore  ,Singapore,2024-01-26,5.42,54.4,23.4,100.0,72404.0,66.4,373.3,13.3,55.2,84.4,25.8,13.9,1.7,30.8,82.4
AQI1887,Istanbul,Turkey,2024-02-06,15.58,54.7,15.3,88.9,10428.0,22.0,432.0,1.0,62.0,106.8,23.5,12.4,2.95,27.3,85.7
AQI1969,  Seoul  ,South Korea,2024-01-19,9.44,53.5,23.2,93.8,33071.0,41.4,409.7,5.8,,99.8,25.2,8.9,1.86,46.2,97.0
AQI2593,Buenos Aires,Argentina,2024-02-12,15.51,40.7,16.2,89.5,10293.0,24.9,419.3,1.0,55.3,84.2,20.4,6.9,1.92,43.3,74.7
AQI1786,Bangkok,Thailand,2024-02-05,10.37,60.3,30.7,87.9,8306.0,23.6,556.5,1.0,64.9,114.1,31.3,16.4,2.71,27.3,99.9
AQI2984,Wellington,New Zealand,2024-02-03,0.45,20.1,31.4,86.7,48404.0,57.2,253.7,18.9,24.3,30.9,11.5,5.7,0.83,23.6,34.1
AQI2677,Riyadh,Saudi Arabia,2024-01-27,7.97,67.1,3.6,84.6,23083.0,32.3,440.6,1.0,73.3,118.3,35.9,18.2,2.19,35.4,103.4
AQI2605,Santiago,Chile,2024-01-05,6.58,44.2,13.9,88.4,16282.0,29.7,374.4,1.0,50.3,88.3,29.1,10.9,1.56,31.3,74.4
AQI1302,Jakarta,Indonesia,2024-01-02,10.45,57.5,49.8,89.5,4903.0,18.6,401.2,15.7,50.8,90.8,24.0,11.4,1.68,30.2,78.2
AQI1690,Sao Paulo,Brazil,2024-02-09,21.91,48.2,42.3,90.6,12592.0,19.1,482.3,11.2,55.6,89.0,34.6,14.3,1.73,39.5,82.4
AQI1813,Manila,Philippines,2024-01-13,13.86,58.9,24.1,87.1,4432.0,15.6,432.2,6.4,58.8,95.6,25.1,19.3,2.0,19.6,85.2
AQI2062,Paris,France,2024-01-12,11.3,34.0,21.1,93.6,47249.0,52.6,349.0,10.9,32.5,53.9,15.7,3.8,1.3,33.1,48.5
AQI1237,Lahore,Pakistan,2024-02-06,11.05,73.1,13.5,85.4,1687.0,22.3,511.7,11.1,84.8,127.5,37.2,26.0,2.3,31.2,122.5
AQI2116,Berlin,Germany,2024-01-16,3.43,38.5,31.6,95.6,49941.0,49.6,423.3,25.5,41.2,73.2,20.2,12.4,1.92,28.2,75.2
AQI2352,Singapore,Singapore,2024-01-02,5.42,54.4,23.4,100.0,72404.0,66.4,373.3,13.3,34.1,60.5,22.7,9.5,2.19,17.7,48.2
AQI1500,Lagos,Nigeria,2024-02-19,14.99,59.0,26.1,84.5,3314.0,23.4,475.8,8.3,66.9,99.4,32.8,12.7,2.09,27.9,89.6
AQI2793,Kuala Lumpur,Malaysia,2024-02-12,8.48,52.2,55.3,93.6,11160.0,13.1,473.7,27.7,42.0,75.4,29.8,9.0,1.77,,68.1
AQI2080,Paris,France,2024-01-30,11.3,34.0,21.1,93.6,47249.0,52.6,349.0,10.9,43.4,78.7,20.6,5.3,1.49,38.0,56.7
AQI2327,Sydney,Australia,2024-01-27,5.88,29.5,47.0,94.6,56779.0,56.6,330.3,19.9,24.0,48.3,15.0,7.7,1.36,22.7,49.5
AQI1795,Bangkok,Thailand,2024-02-14,10.37,60.3,30.7,87.9,8306.0,23.6,556.5,1.0,72.7,113.3,25.4,14.9,2.44,17.9,103.5
AQI2919,Stockholm,Sweden,2024-01-19,1.81,26.2,69.9,97.7,60164.0,51.8,336.6,37.6,8.3,5.0,13.8,1.0,1.0,17.1,13.3
AQI2527,Johannesburg,SOUTH AFRICA,2024-01-27,5.55,46.2,6.9,81.4,6932.0,19.9,394.8,1.0,55.4,99.7,17.7,12.8,1.84,28.3,-84.1
AQI2927,Stockholm,Sweden,2024-01-27,1.81,26.2,69.9,97.7,60164.0,51.8,336.6,37.6,3.0,7.5,12.2,4.0,1.66,5.0,13.6
AQI1991,Seoul,South Korea,2024-02-10,9.44,53.5,23.2,93.8,33071.0,41.4,409.7,5.8,52.7,94.5,20.1,16.4,2.19,19.4,92.7
AQI2572,Buenos Aires,Argentina,2024-01-22,15.51,40.7,16.2,89.5,10293.0,24.9,419.3,1.0,58.3,91.4,26.7,2.0,1.81,33.0,76.7
AQI1935,Tokyo,Japan,2024-02-04,37.17,38.7,66.7,94.3,39161.0,45.6,363.2,28.7,36.0,53.3,25.3,7.4,2.03,19.2,61.0
AQI1388,Karachi,Pakistan,2024-02-07,15.59,72.9,19.0,88.0,1826.0,16.1,522.7,3.1,65.0,101.1,36.1,19.3,2.59,36.5,100.0
AQI2466,Nairobi,Kenya,2024-01-16,4.3,40.1,6.0,77.8,2023.0,15.4,453.8,10.3,52.1,74.5,21.9,14.7,1.79,54.5,82.6
AQI1391,Karachi,Pakistan,2024-02-10,15.59,72.9,19.0,88.0,1826.0,16.1,522.7,3.1,77.9,119.5,40.4,14.7,2.55,40.2,113.4
AQI1744,moscow,Russia,2024-02-13,12.52,51.6,49.7,92.2,14053.0,36.7,426.8,24.6,34.3,61.3,28.5,11.8,2.01,27.4,59.0
AQI1353,Karachi,Pakistan,2024-01-03,15.59,72.9,19.0,88.0,1826.0,16.1,522.7,3.1,84.4,128.3,39.9,17.3,2.83,28.0,118.3
AQI2218,Rome,Italy,2024-01-18,4.27,37.2,32.0,92.7,35529.0,47.6,322.5,25.5,28.3,43.5,19.9,8.0,1.53,33.8,43.8
AQI1236,Lahore,Pakistan,2024-02-05,11.05,73.1,13.5,85.4,1687.0,22.3,511.7,11.1,87.0,136.5,37.6,21.0,2.52,43.8,121.9
AQI2703,Tehran,Iran,2024-01-03,8.82,59.2,3.4,82.5,4984.0,11.8,391.7,6.0,69.6,114.4,26.1,17.5,1.8,39.7,100.8
AQI1481,Lagos,Nigeria,2024-01-31,14.99,59.0,26.1,84.5,3314.0,23.4,475.8,8.3,63.0,97.1,32.1,20.0,2.49,24.7,92.7
AQI1568,Los Angeles,USA,2024-01-18,4.01,46.8,42.7,95.8,66782.0,47.0,384.8,40.7,31.2,51.1,24.9,6.0,2.06,39.3,48.8
AQI2141,Berlin,Germany,2024-02-10,3.43,38.5,31.6,95.6,49941.0,49.6,423.3,25.5,25.7,59.0,29.0,9.7,1.42,34.1,45.4
AQI2678,Riyadh,Saudi Arabia,2024-01-28,7.97,67.1,3.6,84.6,23083.0,32.3,440.6,1.0,79.7,123.7,37.1,18.4,2.15,45.6,110.2
AQI2898,Warsaw,Poland,2024-02-17,2.19,46.7,18.0,87.6,18206.0,28.6,369.0,11.4,65.0,108.4,25.4,9.9,1.82,30.3,93.0
AQI2562,Buenos Aires,Argentina,2024-01-12,15.51,40.7,16.2,89.5,10293.0,24.9,419.3,1.0,47.7,73.6,18.4,13.2,1.97,45.8,62.3
AQI1121,Beijing,China,2024-01-21,21.39,82.2,22.0,88.9,17964.0,12.3,481.5,12.6,74.0,116.0,43.4,24.0,3.02,56.8,112.4
AQI2724,Tehran,Iran,2024-01-24,8.82,59.2,3.4,82.5,4984.0,11.8,391.7,6.0,66.9,102.6,33.2,14.2,2.31,41.6,97.1
AQI2025,London,UK,2024-01-25,9.16,34.9,30.7,95.0,49864.0,50.8,434.4,21.7,37.8,50.0,20.2,10.0,1.48,39.5,60.0
AQI2087,Paris,France,2024-02-06,11.3,34.0,21.1,93.6,47249.0,52.6,349.0,10.9,41.2,60.3,17.4,9.6,1.52,62.9,62.4
AQI2273,Toronto,Canada,2024-01-23,2.62,28.2,28.8,91.2,50568.0,59.3,277.0,22.5,37.5,58.0,14.6,6.8,1.63,43.0,55.4
AQI1927,Tokyo,Japan,2024-01-27,37.17,38.7,66.7,94.3,39161.0,45.6,363.2,28.7,25.3,38.1,28.4,2.0,1.75,29.6,37.8
AQI1516,Mexico City,Mexico,2024-01-16,22.38,57.0,35.7,88.2,11525.0,14.1,424.1,3.1,63.7,107.2,29.9,12.9,2.31,44.0,93.5
AQI1224,Lahore,Pakistan,2024-01-24,11.05,73.1,,85.4,1687.0,22.3,511.7,11.1,85.5,132.9,32.6,18.7,2.31,39.2,127.9
AQI2474,Nairobi,Kenya,2024-01-24,4.3,40.1,6.0,77.8,2023.0,15.4,453.8,10.3,44.6,63.5,14.1,14.0,1.3,41.8,61.8
AQI1614,New York,USA,2024-01-14,8.5,42.2,36.0,94.8,74047.0,58.9,335.3,35.6,24.7,34.1,17.1,11.2,1.88,39.5,47.5
AQI1844,Manila,Philippines,2024-02-13,13.86,58.9,24.1,87.1,4432.0,15.6,432.2,6.4,51.4,87.2,34.7,18.6,2.55,58.4,82.1
AQI2246,Rome,Italy,2024-02-15,4.27,37.2,32.0,92.7,35529.0,47.6,322.5,25.5,41.5,77.0,16.4,2.0,1.68,52.0,65.0
AQI1053,Mumbai,India,2024-01-03,12.56,63.8,21.6,97.3,3190.0,17.5,511.8,4.8,53.8,82.5,22.5,15.6,2.2,38.3,81.2
AQI2840,Ho Chi Minh City,Vietnam,2024-02-09,9.59,55.0,39.4,81.4,4512.0,12.7,422.8,24.8,,117.2,33.9,12.1,2.2,40.6,113.8
AQI1486,Lagos,Nigeria,2024-02-05,14.99,59.0,26.1,84.5,3314.0,23.4,475.8,8.3,52.6,90.0,20.8,18.7,2.7,33.1,68.2
AQI2911,Stockholm,Sweden,2024-01-11,1.81,26.2,69.9,97.7,60164.0,51.8,336.6,37.6,3.1,10.2,17.7,6.2,1.49,40.4,13.5
AQI1819,Manila,Philippines,2024-01-19,13.86,58.9,24.1,87.1,4432.0,15.6,432.2,6.4,57.2,80.7,27.8,13.9,1.98,29.4,78.6
AQI1156,Shanghai,China,2024-01-06,24.43,69.3,25.9,90.4,25603.0,34.8,461.9,5.5,63.1,102.2,42.5,21.1,2.91,42.5,93.5
AQI2367,Singapore,SINGAPORE,2024-01-17,5.42,54.4,23.4,100.0,72404.0,66.4,373.3,13.3,49.6,89.4,18.8,10.0,2.14,39.8,76.0
AQI1601,New York,USA,2024-01-01,8.5,42.2,36.0,94.8,74047.0,58.9,335.3,35.6,23.2,27.6,18.8,10.1,1.54,29.9,38.4
AQI2599,Buenos Aires,Argentina,2024-02-18,15.51,40.7,16.2,89.5,10293.0,24.9,419.3,1.0,53.1,87.6,16.6,11.9,1.69,45.8,81.5
AQI1249,Lahore,Pakistan,2024-02-18,11.05,73.1,13.5,85.4,1687.0,22.3,511.7,11.1,75.5,120.6,34.4,18.1,2.17,37.1,101.0
AQI1762,Bangkok,Thailand,2024-01-12,10.37,60.3,30.7,87.9,8306.0,23.6,556.5,1.0,67.2,103.7,30.4,12.3,2.36,35.0,99.9
AQI2824,Ho Chi Minh City,Vietnam,2024-01-24,9.59,55.0,39.4,81.4,4512.0,12.7,422.8,24.8,41.2,65.0,30.2,15.5,2.69,38.7,74.3
AQI2131,Berlin,Germany,2024-01-31,3.43,38.5,31.6,95.6,49941.0,49.6,423.3,25.5,38.9,78.1,26.1,11.0,1.78,36.9,52.2
AQI1543,Mexico City,Mexico,2024-02-12,22.38,57.0,35.7,88.2,11525.0,14.1,424.1,3.1,45.8,67.9,31.2,16.2,1.55,33.0,70.2
AQI1794,Bangkok,Thailand,2024-02-13,10.37,60.3,30.7,87.9,8306.0,23.6,556.5,1.0,58.5,87.9,30.1,12.4,2.44,29.8,78.5
AQI2142,Berlin,Germany,2024-02-11,3.43,38.5,31.6,95.6,49941.0,49.6,423.3,25.5,50.0,81.6,16.4,6.1,1.99,51.3,80.7
AQI2737,Tehran,Iran,2024-02-06,8.82,59.2,3.4,82.5,4984.0,11.8,391.7,6.0,59.7,97.5,25.5,16.3,2.15,37.4,89.1
AQI1629,New York,USA,2024-01-29,8.5,42.2,36.0,94.8,74047.0,58.9,335.3,35.6,29.9,39.7,14.0,9.1,1.54,38.4,49.0
AQI1151,shanghai,China,2024-01-01,24.43,69.3,25.9,90.4,25603.0,34.8,461.9,5.5,59.6,107.9,39.1,19.0,2.86,38.5,94.4
AQI2638,Santiago,CHILE,2024-02-07,6.58,44.2,13.9,88.4,16282.0,29.7,374.4,1.0,44.4,79.6,19.3,12.7,2.11,32.9,71.5
AQI1292,Dhaka,Bangladesh,2024-02-11,20.95,68.2,20.6,89.0,2717.0,9.6,480.2,1.0,66.6,103.6,35.5,17.6,2.97,40.2,102.0
AQI1382,Karachi,Pakistan,2024-02-01,15.59,72.9,19.0,88.0,1826.0,16.1,522.7,3.1,89.5,146.5,33.1,26.1,2.5,33.8,129.2
AQI1687,Sao Paulo,Brazil,2024-02-06,21.91,48.2,42.3,90.6,12592.0,19.1,482.3,11.2,40.7,66.3,33.8,10.3,2.55,46.6,76.5
AQI2368,Singapore,Singapore,2024-01-18,5.42,54.4,23.4,100.0,72404.0,66.4,373.3,13.3,40.6,61.4,32.8,11.7,2.0,35.3,58.9
AQI2225,Rome,Italy,2024-01-25,4.27,37.2,32.0,92.7,35529.0,47.6,322.5,25.5,36.1,62.4,17.1,11.9,1.2,41.8,62.5
AQI1898,Istanbul,Turkey,2024-02-17,15.58,54.7,15.3,88.9,10428.0,22.0,432.0,1.0,68.6,106.4,31.9,12.1,2.56,51.2,97.9
AQI1855,Istanbul,Turkey,2024-01-05,15.58,54.7,15.3,88.9,10428.0,22.0,432.0,1.0,52.0,84.5,37.0,12.2,2.46,52.7,78.6
AQI2072,Paris,France,2024-01-22,11.3,34.0,21.1,93.6,47249.0,52.6,349.0,10.9,38.6,56.7,15.6,5.9,0.41,29.8,47.5
AQI2993,Wellington,New Zealand,2024-02-12,0.45,20.1,31.4,86.7,48404.0,57.2,253.7,18.9,26.2,39.6,13.5,4.2,1.03,26.9,38.0
AQI2524,Johannesburg,South Africa,2024-01-24,5.55,46.2,6.9,81.4,6932.0,19.9,394.8,1.0,52.5,83.5,25.3,8.2,1.93,31.0,76.4
AQI2684,Riyadh,Saudi Arabia,2024-02-03,7.97,67.1,3.6,84.6,23083.0,32.3,440.6,1.0,69.6,110.4,34.0,14.2,2.78,39.3,104.1
AQI1892,Istanbul,Turkey,2024-02-11,15.58,54.7,15.3,88.9,10428.0,22.0,432.0,1.0,54.9,84.8,28.7,15.9,2.49,37.5,76.1
AQI2753,Kuala Lumpur,Malaysia,2024-01-03,8.48,52.2,55.3,93.6,11160.0,13.1,473.7,27.7,41.6,70.3,25.1,7.7,2.08,31.6,59.4
AQI2997,Wellington,New Zealand,2024-02-16,0.45,20.1,31.4,86.7,48404.0,57.2,253.7,18.9,16.9,25.4,11.0,2.9,0.81,26.5,35.1
AQI2365,Singapore,Singapore,2024-01-15,5.42,54.4,23.4,100.0,72404.0,66.4,373.3,13.3,36.3,56.8,25.1,16.6,2.01,38.2,63.8
AQI1616,New York,USA,2024-01-16,8.5,42.2,36.0,94.8,74047.0,58.9,335.3,35.6,42.8,64.5,21.6,4.7,0.85,36.6,63.1
AQI1155,Shanghai,China,2024-01-05,24.43,69.3,25.9,90.4,25603.0,34.8,461.9,5.5,61.8,100.1,41.6,19.2,2.6,39.8,108.0
AQI2194,Madrid,Spain,2024-02-13,6.87,37.2,33.1,92.5,33551.0,34.2,385.5,21.4,40.8,65.7,29.7,8.0,1.94,30.7,62.5
AQI2710,Tehran,Iran,2024-01-10,8.82,59.2,3.4,82.5,4984.0,11.8,391.7,6.0,73.2,126.5,44.1,17.7,1.86,44.0,107.7
AQI2991,Wellington,New Zealand,2024-02-10,0.45,20.1,31.4,86.7,48404.0,57.2,253.7,18.9,42.1,68.2,5.5,4.2,1.47,32.1,62.2
AQI2777,Kuala Lumpur,Malaysia,2024-01-27,8.48,52.2,55.3,93.6,11160.0,13.1,473.7,27.7,30.3,47.2,22.5,12.1,2.28,41.7,56.3
AQI1323,Jakarta,Indonesia,2024-01-23,10.45,57.5,49.8,89.5,4903.0,18.6,401.2,15.7,42.8,79.2,30.3,15.3,2.26,36.7,75.2
AQI2544,Johannesburg,South Africa,2024-02-13,5.55,46.2,6.9,81.4,6932.0,19.9,394.8,1.0,79.2,135.4,15.2,13.7,1.77,47.2,104.9
AQI2283,Toronto,Canada,2024-02-02,2.62,28.2,28.8,91.2,50568.0,59.3,277.0,22.5,28.3,47.2,13.7,3.8,0.63,39.6,41.2
AQI1083,Mumbai,India,2024-02-02,12.56,63.8,21.6,97.3,3190.0,17.5,511.8,4.8,68.5,106.7,35.5,18.2,2.74,31.7,100.1
AQI1513,Mexico City,Mexico,2024-01-13,22.38,57.0,35.7,88.2,11525.0,14.1,424.1,3.1,45.5,77.6,31.2,14.8,2.23,33.1,78.8
AQI2523,Johannesburg,South Africa,2024-01-23,5.55,46.2,6.9,81.4,6932.0,19.9,394.8,1.0,45.7,76.4,23.1,7.4,1.52,42.3,65.3
AQI2908,stockholm,Sweden,2024-01-08,1.81,26.2,69.9,97.7,60164.0,51.8,336.6,37.6,13.2,30.5,3.2,3.2,1.06,47.1,32.4
AQI1930,Tokyo,Japan,2024-01-30,37.17,38.7,66.7,94.3,39161.0,45.6,363.2,28.7,46.2,66.3,34.2,5.6,1.96,38.3,66.8
AQI2629,Santiago,Chile,2024-01-29,6.58,44.2,13.9,88.4,16282.0,29.7,374.4,1.0,46.2,70.3,30.5,9.2,1.73,30.4,73.5
AQI2358,Singapore,Singapore,2024-01-08,5.42,54.4,23.4,100.0,72404.0,66.4,373.3,13.3,46.5,70.0,25.1,11.8,1.48,31.9,70.0
AQI1011,Delhi,India,2024-01-11,20.19,77.8,33.4,94.3,2582.0,11.2,593.5,14.9,70.2,100.4,40.0,22.2,3.39,29.8,101.5
AQI1832,Manila,Philippines,2024-02-01,13.86,58.9,24.1,87.1,4432.0,15.6,432.2,6.4,69.2,113.9,35.0,15.3,2.36,31.9,111.9
AQI1033,Delhi,India,2024-02-02,20.19,77.8,33.4,94.3,2582.0,11.2,593.5,14.9,75.7,117.2,51.8,23.0,2.34,36.9,110.0
AQI2512,Johannesburg,South Africa,2024-01-12,5.55,46.2,6.9,81.4,6932.0,19.9,394.8,1.0,53.2,82.9,24.9,10.9,1.59,53.3,79.1
AQI1414,Cairo,Egypt,2024-01-14,20.65,62.5,7.3,82.7,4267.0,23.4,427.6,2.1,61.6,105.9,32.1,18.3,2.14,20.7,93.4
AQI1581,Los Angeles,USA,2024-01-31,4.01,46.8,42.7,95.8,66782.0,47.0,384.8,40.7,42.2,64.7,20.1,9.8,1.75,,61.8
AQI2407,Hong Kong,China,2024-01-07,7.57,46.2,47.6,99.6,46494.0,47.0,437.9,37.1,41.3,64.3,21.1,5.9,1.98,22.5,70.8
AQI2943,Stockholm,Sweden,2024-02-12,1.81,26.2,69.9,97.7,60164.0,51.8,336.6,37.6,8.7,11.3,10.8,5.7,0.96,43.7,27.0
AQI2489,Nairobi,Kenya,2024-02-08,4.3,40.1,6.0,77.8,2023.0,15.4,453.8,10.3,70.2,107.0,24.8,7.4,2.17,41.6,102.3
AQI2902,stockholm,Sweden,2024-01-02,1.81,26.2,69.9,97.7,60164.0,51.8,336.6,37.6,3.0,13.4,15.9,3.6,1.44,23.6,22.2
AQI1615,New York,USA,2024-01-15,8.5,42.2,36.0,94.8,74047.0,58.9,335.3,35.6,28.7,47.9,21.3,10.5,1.56,30.7,50.1
AQI2046,London,UK,2024-02-15,9.16,34.9,30.7,95.0,49864.0,50.8,434.4,21.7,38.1,59.0,17.0,10.1,1.8,37.9,62.0
AQI2403,Hong Kong,China,2024-01-03,7.57,46.2,47.6,99.6,46494.0,47.0,437.9,37.1,37.0,60.5,26.7,10.4,1.34,39.2,54.7
AQI2015,London,UK,2024-01-15,9.16,34.9,30.7,95.0,49864.0,50.8,434.4,21.7,43.6,70.3,21.1,3.9,1.14,37.8,67.0
AQI1090,Mumbai,India,2024-02-09,12.56,63.8,21.6,97.3,3190.0,17.5,511.8,4.8,59.0,92.4,41.5,16.4,1.97,34.3,88.0
AQI2697,Riyadh,Saudi Arabia,2024-02-16,7.97,67.1,3.6,84.6,23083.0,32.3,440.6,1.0,74.9,124.1,38.2,20.8,2.21,28.5,98.5
AQI1602,New York,USA,2024-01-02,8.5,42.2,36.0,94.8,74047.0,58.9,335.3,35.6,19.9,34.7,23.8,6.7,1.9,23.3,43.5
AQI2238,Rome,Italy,2024-02-07,4.27,37.2,32.0,92.7,35529.0,47.6,322.5,25.5,22.7,38.1,19.6,5.9,0.93,39.9,44.1
AQI2835,Ho Chi Minh City,Vietnam,2024-02-04,9.59,55.0,39.4,81.4,4512.0,12.7,422.8,24.8,50.5,83.8,26.1,11.3,2.23,32.6,76.8
AQI1134,Beijing,China,2024-02-03,21.39,82.2,22.0,88.9,17964.0,12.3,481.5,12.6,91.5,148.4,44.3,24.7,2.96,43.1,140.5
AQI2371,Singapore,Singapore,2024-01-21,5.42,54.4,23.4,100.0,72404.0,66.4,373.3,13.3,47.7,77.6,27.2,11.8,1.56,47.6,73.6
AQI1556,Los Angeles,USA,2024-01-06,4.01,46.8,42.7,95.8,66782.0,47.0,384.8,40.7,47.7,95.2,17.8,10.3,1.12,39.1,68.3
AQI2032,London,UK,2024-02-01,9.16,34.9,30.7,95.0,49864.0,50.8,434.4,21.7,41.5,64.5,21.7,7.7,1.91,48.2,63.9
AQI2563,Buenos Aires,Argentina,2024-01-13,15.51,40.7,16.2,89.5,10293.0,24.9,419.3,1.0,49.8,78.0,22.2,8.3,1.7,46.1,63.1
AQI1321,Jakarta,Indonesia,2024-01-21,10.45,57.5,49.8,89.5,4903.0,18.6,401.2,15.7,48.4,85.8,32.4,9.3,2.37,22.5,74.1
AQI2768,Kuala Lumpur,Malaysia,2024-01-18,8.48,52.2,55.3,93.6,11160.0,13.1,473.7,27.7,45.0,74.9,30.4,11.0,2.06,22.7,68.3
AQI2212,Rome,Italy,2024-01-12,4.27,37.2,32.0,92.7,35529.0,47.6,322.5,25.5,37.5,62.5,10.9,3.8,1.46,18.3,57.4
AQI2735,Tehran,Iran,2024-02-04,8.82,59.2,3.4,82.5,4984.0,11.8,391.7,6.0,82.4,130.8,24.6,12.4,1.69,48.1,110.7
AQI1635,New York,USA,2024-02-04,8.5,42.2,36.0,94.8,74047.0,58.9,335.3,35.6,23.8,34.4,23.8,9.7,1.57,34.0,43.4
AQI1553,Los Angeles,USA,2024-01-03,4.01,46.8,42.7,95.8,66782.0,47.0,384.8,40.7,28.3,56.6,23.6,11.9,1.56,37.2,51.4
AQI2329,Sydney,Australia,2024-01-29,5.88,29.5,47.0,94.6,56779.0,56.6,330.3,19.9,31.4,48.8,17.3,1.0,1.86,44.9,48.2
AQI2056,Paris,France,2024-01-06,11.3,34.0,21.1,93.6,47249.0,52.6,349.0,10.9,29.3,52.8,23.7,7.6,0.97,33.2,41.1
AQI2556,Buenos Aires,Argentina,2024-01-06,15.51,40.7,16.2,89.5,10293.0,24.9,419.3,1.0,61.4,90.2,30.3,13.7,2.08,30.6,89.9
AQI1797,BANGKOK,Thailand,2024-02-16,10.37,60.3,30.7,87.9,8306.0,23.6,556.5,1.0,62.8,99.2,32.1,13.6,2.32,14.5,96.0
AQI2773,Kuala Lumpur,Malaysia,2024-01-23,8.48,52.2,55.3,93.6,11160.0,13.1,473.7,27.7,37.7,60.6,23.9,15.6,2.5,30.4,55.3
AQI2265,Toronto,Canada,2024-01-15,2.62,28.2,28.8,91.2,50568.0,59.3,277.0,22.5,26.6,41.9,7.2,7.5,1.11,36.0,41.7
AQI2708,Tehran,Iran,2024-01-08,8.82,59.2,3.4,82.5,4984.0,11.8,391.7,6.0,59.5,97.1,32.1,14.4,2.03,37.9,85.8
AQI1175,Shanghai,China,2024-01-25,24.43,69.3,25.9,90.4,25603.0,34.8,461.9,5.5,71.1,118.8,27.2,18.9,2.92,24.0,112.8
AQI1767,Bangkok,Thailand,2024-01-17,10.37,60.3,30.7,87.9,8306.0,23.6,556.5,1.0,53.8,92.2,29.9,21.6,2.55,22.6,83.6
AQI1246,Lahore,Pakistan,2024-02-15,11.05,73.1,13.5,85.4,1687.0,22.3,511.7,11.1,90.8,144.4,41.3,25.0,2.99,54.4,136.4
AQI2081,Paris,France,2024-01-31,11.3,34.0,21.1,93.6,47249.0,52.6,349.0,10.9,63.9,105.3,20.4,8.4,1.7,35.4,85.8
AQI2734,Tehran,Iran,2024-02-03,8.82,59.2,3.4,82.5,4984.0,11.8,391.7,6.0,66.1,107.3,32.4,21.5,2.01,34.1,98.1
AQI1146,Beijing,China,2024-02-15,21.39,82.2,22.0,88.9,17964.0,12.3,481.5,12.6,93.8,160.2,39.7,26.2,2.81,35.0,140.7
AQI1091,Mumbai,India,2024-02-10,12.56,63.8,21.6,97.3,3190.0,17.5,511.8,4.8,48.0,76.5,32.0,19.3,2.98,48.0,77.8
AQI2417,Hong Kong,China,2024-01-17,7.57,46.2,47.6,99.6,46494.0,47.0,437.9,37.1,37.2,66.3,18.5,8.7,1.36,28.9,56.7
AQI1683,Sao Paulo,Brazil,2024-02-02,21.91,48.2,42.3,90.6,12592.0,19.1,482.3,11.2,44.0,80.1,29.6,13.3,,21.5,66.8
AQI1311,Jakarta,Indonesia,2024-01-11,10.45,57.5,49.8,89.5,4903.0,18.6,401.2,15.7,54.7,83.9,19.8,16.9,1.85,40.4,69.3
AQI2384,Singapore,Singapore,2024-02-03,5.42,54.4,23.4,100.0,72404.0,66.4,373.3,13.3,41.0,69.4,38.2,,2.31,38.7,74.5
AQI1094,Mumbai,India,2024-02-13,12.56,63.8,21.6,97.3,3190.0,17.5,511.8,4.8,82.2,115.6,38.6,20.9,1.8,33.3,111.6
AQI2565,Buenos Aires,Argentina,2024-01-15,15.51,40.7,16.2,89.5,10293.0,24.9,419.3,1.0,62.4,99.5,25.8,8.4,1.95,54.3,94.8
AQI1925,Tokyo,Japan,2024-01-25,37.17,38.7,66.7,94.3,39161.0,45.6,363.2,28.7,12.1,20.5,28.4,5.9,1.67,9.5,29.6
AQI2683,Riyadh,Saudi Arabia,2024-02-02,7.97,67.1,3.6,84.6,23083.0,32.3,440.6,1.0,79.9,129.8,37.9,16.9,2.62,50.6,122.2
AQI2036,London,UK,2024-02-05,9.16,34.9,30.7,95.0,49864.0,50.8,434.4,21.7,42.7,82.0,11.3,8.7,1.39,35.2,61.8
AQI2401,Hong Kong,China,2024-01-01,7.57,46.2,47.6,99.6,46494.0,47.0,437.9,37.1,37.2,56.3,14.5,7.6,1.78,29.7,58.2
AQI1244,Lahore,Pakistan,2024-02-13,11.05,73.1,13.5,85.4,1687.0,22.3,511.7,11.1,78.0,125.3,42.4,17.4,2.67,47.7,117.9
AQI2112,Berlin,Germany,2024-01-12,3.43,38.5,31.6,95.6,49941.0,49.6,423.3,25.5,49.1,73.8,24.0,5.8,1.51,45.6,68.7
AQI1215,Lahore,Pakistan,2024-01-15,11.05,73.1,13.5,85.4,1687.0,22.3,511.7,11.1,62.6,82.9,36.4,25.5,3.09,33.4,91.8
AQI2978,Wellington,New Zealand,2024-01-28,0.45,20.1,31.4,86.7,48404.0,57.2,253.7,18.9,17.7,34.7,9.1,1.9,1.4,24.9,31.3
AQI2198,Madrid,Spain,2024-02-17,6.87,37.2,33.1,92.5,33551.0,34.2,385.5,21.4,44.6,73.9,26.2,7.4,1.71,35.2,62.5
AQI1999,Seoul,SOUTH KOREA,2024-02-18,9.44,53.5,23.2,93.8,33071.0,41.4,409.7,5.8,62.5,84.1,34.2,10.6,,43.9,85.1
AQI1854,Istanbul,Turkey,2024-01-04,15.58,54.7,15.3,88.9,10428.0,22.0,432.0,1.0,49.6,84.3,25.1,16.2,2.01,36.6,76.9
AQI1426,Cairo,Egypt,2024-01-26,20.65,62.5,7.3,82.7,4267.0,23.4,427.6,2.1,70.6,115.5,39.4,13.1,2.1,36.0,99.3
AQI2760,Kuala Lumpur,Malaysia,2024-01-10,8.48,52.2,55.3,93.6,11160.0,13.1,473.7,27.7,37.6,57.9,25.6,14.8,2.18,34.6,65.0
AQI2143,Berlin,GERMANY,2024-02-12,3.43,38.5,31.6,95.6,49941.0,49.6,423.3,25.5,46.1,72.2,4.1,8.4,1.65,36.7,63.8
AQI2144,Berlin,Germany,2024-02-13,3.43,38.5,31.6,95.6,49941.0,49.6,423.3,25.5,29.5,50.6,23.5,9.5,1.93,41.3,48.8
AQI1227,Lahore,Pakistan,2024-01-27,11.05,73.1,13.5,85.4,1687.0,22.3,511.7,11.1,82.6,128.2,45.9,23.4,2.46,50.8,121.8
AQI2624,Santiago,Chile,2024-01-24,6.58,44.2,13.9,88.4,16282.0,29.7,374.4,1.0,37.7,55.9,19.6,18.6,2.24,52.9,59.8
AQI1001,Delhi,India,2024-01-01,20.19,77.8,33.4,94.3,2582.0,11.2,593.5,14.9,62.8,103.8,38.8,19.7,3.02,15.9,88.4
AQI2419,Hong Kong,China,2024-01-19,7.57,46.2,47.6,99.6,46494.0,47.0,437.9,37.1,39.7,70.8,16.9,8.6,1.96,31.8,48.9
AQI1402,Cairo,Egypt,2024-01-02,20.65,62.5,7.3,82.7,4267.0,23.4,427.6,2.1,65.2,90.8,22.8,15.4,2.45,11.4,87.8
AQI2429,Hong Kong,China,2024-01-29,7.57,46.2,47.6,99.6,46494.0,47.0,437.9,37.1,32.7,47.5,29.2,5.5,1.61,21.8,44.0
AQI2104,Berlin,Germany,2024-01-04,3.43,38.5,31.6,95.6,49941.0,49.6,423.3,25.5,34.2,55.3,18.9,9.8,1.89,38.6,57.3
AQI1085,Mumbai,India,2024-02-04,12.56,63.8,21.6,97.3,3190.0,17.5,511.8,4.8,71.6,125.9,29.3,13.4,1.89,51.7,107.3
AQI1163,Shanghai,China,2024-01-13,24.43,69.3,25.9,90.4,25603.0,34.8,461.9,5.5,76.5,125.8,40.2,20.3,2.78,38.9,114.5
AQI1115,Beijing,China,2024-01-15,21.39,82.2,22.0,88.9,17964.0,12.3,481.5,12.6,95.5,150.6,39.8,27.3,3.3,31.5,135.5
AQI1671,Sao Paulo,Brazil,2024-01-21,21.91,48.2,42.3,90.6,12592.0,19.1,482.3,11.2,37.0,54.9,27.2,6.6,1.93,40.2,65.5
AQI2175,Madrid,Spain,2024-01-25,6.87,37.2,33.1,92.5,33551.0,34.2,385.5,21.4,37.3,65.8,14.8,8.6,1.41,38.0,56.1
AQI2525,Johannesburg,South Africa,2024-01-25,5.55,46.2,6.9,81.4,6932.0,19.9,394.8,1.0,58.0,89.6,18.4,11.7,2.26,25.4,90.7
AQI2706,Tehran,Iran,2024-01-06,8.82,59.2,3.4,82.5,4984.0,11.8,391.7,6.0,61.3,95.8,29.0,17.2,2.09,45.1,89.4
AQI2393,Singapore,Singapore,2024-02-12,5.42,54.4,23.4,100.0,72404.0,66.4,373.3,13.3,52.9,80.3,22.0,13.9,2.14,42.5,85.6
AQI1890,Istanbul,Turkey,2024-02-09,15.58,54.7,15.3,88.9,10428.0,22.0,432.0,1.0,47.6,71.3,27.2,13.8,2.06,48.9,79.3
AQI2502,Johannesburg,South Africa,2024-01-02,5.55,46.2,6.9,81.4,6932.0,19.9,394.8,1.0,53.1,84.1,22.9,13.8,1.5,48.3,79.5
AQI1626,New York,USA,2024-01-26,8.5,42.2,36.0,94.8,74047.0,58.9,335.3,35.6,45.6,65.8,23.4,,1.77,34.3,58.0
AQI2956,Wellington,New Zealand,2024-01-06,0.45,20.1,31.4,86.7,48404.0,57.2,253.7,18.9,16.6,26.1,4.0,1.0,1.48,30.1,36.6
AQI1953,Seoul,South Korea,2024-01-03,9.44,53.5,23.2,93.8,33071.0,41.4,409.7,5.8,55.2,84.8,19.9,12.8,,32.2,81.1
AQI1808,Manila,Philippines,2024-01-08,13.86,58.9,24.1,87.1,4432.0,15.6,432.2,6.4,62.0,98.6,40.4,10.4,2.21,20.1,79.2
AQI1259,dhaka,Bangladesh,2024-01-09,20.95,68.2,20.6,89.0,2717.0,9.6,480.2,1.0,76.0,117.6,43.2,18.2,2.62,39.5,111.3
AQI1625,New York,USA,2024-01-25,8.5,42.2,36.0,94.8,74047.0,58.9,335.3,35.6,47.4,79.1,26.2,9.5,1.46,42.2,63.9
AQI1827,Manila,Philippines,2024-01-27,13.86,58.9,24.1,87.1,4432.0,15.6,432.2,6.4,66.8,100.3,36.9,16.2,2.37,37.2,89.3
AQI1235,Lahore,Pakistan,2024-02-04,11.05,73.1,13.5,85.4,1687.0,22.3,511.7,11.1,85.3,133.9,38.6,20.1,2.33,41.2,115.6
AQI1136,  Beijing  ,China,2024-02-05,21.39,82.2,22.0,88.9,17964.0,12.3,481.5,12.6,71.6,115.3,38.6,25.5,2.63,32.2,98.1
AQI1617,New York,USA,2024-01-17,8.5,42.2,36.0,94.8,74047.0,58.9,335.3,35.6,38.1,49.2,20.2,1.3,2.01,23.7,61.3
AQI2957,Wellington,New Zealand,2024-01-07,0.45,20.1,31.4,86.7,48404.0,57.2,253.7,18.9,10.7,10.8,9.0,1.4,1.19,39.8,17.8
AQI1837,Manila,Philippines,2024-02-06,13.86,58.9,24.1,87.1,4432.0,15.6,432.2,6.4,67.2,105.1,33.4,16.6,1.88,41.6,101.5
AQI1843,Manila,Philippines,2024-02-12,13.86,58.9,24.1,87.1,4432.0,15.6,432.2,6.4,51.8,80.3,33.2,13.0,1.75,37.1,82.1
AQI1960,Seoul,South Korea,2024-01-10,9.44,53.5,23.2,93.8,33071.0,41.4,409.7,5.8,47.0,67.2,22.9,14.5,1.76,33.5,60.9
AQI1593,Los Angeles,USA,2024-02-12,4.01,46.8,42.7,95.8,66782.0,47.0,384.8,40.7,24.7,44.9,20.4,11.7,1.75,18.2,44.1
AQI2315,Sydney,Australia,2024-01-15,5.88,29.5,47.0,94.6,56779.0,56.6,330.3,19.9,12.6,14.8,25.0,4.8,1.34,30.4,27.9
AQI2526,Johannesburg,South Africa,2024-01-26,5.55,46.2,6.9,81.4,6932.0,19.9,394.8,1.0,56.4,90.4,18.1,10.2,1.62,28.5,77.7
AQI2292,Toronto,Canada,2024-02-11,2.62,28.2,28.8,91.2,50568.0,59.3,277.0,22.5,24.7,41.9,9.6,8.0,0.64,27.6,45.0
AQI1344,Jakarta,Indonesia,2024-02-13,10.45,57.5,49.8,89.5,4903.0,18.6,401.2,15.7,50.4,83.7,31.5,14.1,2.28,37.4,72.5
AQI2845,Ho Chi Minh City,Vietnam,2024-02-14,9.59,55.0,39.4,81.4,4512.0,12.7,422.8,24.8,59.3,86.9,43.6,14.0,2.08,46.7,94.3
AQI2730,Tehran,Iran,2024-01-30,8.82,59.2,3.4,82.5,4984.0,11.8,391.7,6.0,68.1,106.5,29.0,16.0,1.63,34.0,95.4
AQI1294,Dhaka,Bangladesh,2024-02-13,20.95,68.2,20.6,89.0,2717.0,9.6,480.2,1.0,83.4,135.6,31.8,16.3,2.87,25.0,126.9
AQI1365,Karachi,Pakistan,2024-01-15,15.59,72.9,19.0,88.0,1826.0,16.1,522.7,3.1,69.8,111.7,40.5,22.1,2.44,38.0,107.1
AQI1179,Shanghai,China,2024-01-29,24.43,69.3,25.9,90.4,25603.0,34.8,461.9,5.5,71.0,111.7,37.9,17.3,2.77,45.7,102.0
AQI1660,Sao Paulo,Brazil,2024-01-10,21.91,48.2,42.3,90.6,12592.0,19.1,482.3,11.2,20.7,34.4,26.1,16.2,2.15,21.8,41.2
AQI1997,Seoul,South Korea,2024-02-16,9.44,53.5,23.2,93.8,33071.0,41.4,409.7,5.8,62.2,100.2,25.4,14.4,1.79,30.4,86.1
AQI1015,Delhi,India,2024-01-15,20.19,77.8,33.4,94.3,2582.0,11.2,593.5,14.9,85.7,138.1,42.4,20.9,2.37,34.7,123.7
AQI2111,Berlin,Germany,2024-01-11,3.43,38.5,31.6,95.6,49941.0,49.6,423.3,25.5,46.6,87.2,20.1,14.0,1.68,31.5,68.0
AQI2395,Singapore,Singapore,2024-02-14,,54.4,23.4,100.0,72404.0,66.4,373.3,13.3,56.9,92.5,20.6,10.7,1.78,18.7,75.3
AQI1166,Shanghai,China,2024-01-16,24.43,69.3,25.9,90.4,25603.0,34.8,461.9,5.5,64.4,106.3,32.4,18.1,2.15,30.1,96.8
AQI2877,Warsaw,Poland,2024-01-27,2.19,46.7,18.0,87.6,18206.0,28.6,369.0,11.4,28.3,50.3,27.5,10.4,2.08,36.7,51.3
AQI2360,Singapore,Singapore,2024-01-10,5.42,54.4,23.4,100.0,72404.0,66.4,373.3,13.3,42.8,73.9,28.6,9.4,1.54,21.9,66.3
AQI1060,Mumbai,India,2024-01-10,12.56,63.8,21.6,97.3,3190.0,17.5,511.8,4.8,48.3,70.1,22.9,16.4,2.64,51.8,75.2
AQI1710,Moscow,Russia,2024-01-10,12.52,51.6,49.7,92.2,14053.0,36.7,426.8,24.6,30.4,54.4,39.1,11.1,2.16,33.4,52.8
AQI1677,Sao Paulo,Brazil,2024-01-27,21.91,48.2,42.3,90.6,12592.0,19.1,482.3,11.2,58.5,96.8,17.6,9.8,1.98,38.4,70.3
AQI2379,Singapore,Singapore,2024-01-29,5.42,54.4,23.4,100.0,72404.0,66.4,373.3,13.3,50.7,73.7,25.0,16.0,1.98,36.3,84.5
AQI1781,Bangkok,Thailand,2024-01-31,10.37,60.3,30.7,87.9,8306.0,23.6,556.5,1.0,69.6,120.5,29.0,14.6,2.2,39.2,107.2
AQI1425,Cairo,Egypt,2024-01-25,20.65,62.5,7.3,82.7,4267.0,23.4,427.6,2.1,77.9,125.6,30.5,17.9,2.53,18.4,116.4
AQI1293,Dhaka,Bangladesh,2024-02-12,20.95,68.2,20.6,89.0,2717.0,9.6,480.2,1.0,81.6,123.7,41.5,18.7,2.73,26.2,109.5
AQI2066,Paris,France,2024-01-16,11.3,34.0,21.1,93.6,47249.0,52.6,349.0,10.9,33.1,58.8,22.9,12.1,1.37,25.9,51.2
AQI2854,Warsaw,Poland,2024-01-04,2.19,46.7,18.0,87.6,18206.0,28.6,369.0,11.4,34.9,54.1,21.6,9.2,1.7,33.0,54.9
AQI1330,Jakarta,Indonesia,2024-01-30,10.45,57.5,49.8,89.5,4903.0,18.6,401.2,15.7,49.8,73.4,22.4,9.3,2.39,26.2,80.7
AQI1430,Cairo,Egypt,2024-01-30,20.65,62.5,7.3,82.7,,23.4,427.6,2.1,88.9,146.8,36.2,17.9,2.24,50.9,127.1
AQI2013,London,UK,2024-01-13,9.16,34.9,30.7,95.0,49864.0,50.8,434.4,21.7,44.8,77.5,23.7,11.9,1.63,41.9,65.8
AQI1080,Mumbai,India,2024-01-30,12.56,63.8,21.6,97.3,3190.0,17.5,511.8,4.8,64.4,103.1,41.5,18.2,2.36,45.1,87.2
AQI2053,PARIS,France,2024-01-03,11.3,34.0,21.1,93.6,47249.0,52.6,349.0,10.9,42.8,68.2,23.3,10.6,1.81,41.5,65.5
AQI1938,Tokyo,Japan,2024-02-07,37.17,38.7,66.7,94.3,39161.0,45.6,363.2,28.7,43.9,78.9,28.0,1.0,2.01,40.5,67.9
AQI1835,Manila,Philippines,2024-02-04,,58.9,24.1,87.1,4432.0,15.6,432.2,6.4,66.9,103.2,38.9,17.6,2.25,41.2,94.2
AQI1750,Moscow,RUSSIA,2024-02-19,12.52,51.6,49.7,92.2,14053.0,36.7,426.8,24.6,37.1,58.2,19.9,15.3,1.92,27.7,66.2
AQI1891,Istanbul,Turkey,2024-02-10,15.58,54.7,15.3,88.9,10428.0,22.0,432.0,1.0,64.8,110.3,31.1,14.7,2.39,38.4,106.9
AQI1255,Dhaka,Bangladesh,2024-01-05,20.95,68.2,20.6,89.0,2717.0,9.6,480.2,1.0,58.1,101.5,35.8,19.0,2.75,39.2,96.9
AQI2732,Tehran,Iran,2024-02-01,8.82,59.2,3.4,82.5,4984.0,11.8,391.7,6.0,70.1,104.2,26.8,19.3,2.26,37.5,103.0
AQI2483,Nairobi,Kenya,2024-02-02,4.3,40.1,6.0,77.8,2023.0,15.4,453.8,10.3,59.1,96.3,23.3,10.2,2.14,20.2,82.5
AQI2954,Wellington,New Zealand,2024-01-04,0.45,20.1,31.4,86.7,48404.0,57.2,253.7,18.9,11.0,21.2,3.6,1.0,1.1,39.5,18.5
AQI2408,Hong Kong,CHINA,2024-01-08,7.57,46.2,47.6,99.6,46494.0,47.0,437.9,37.1,23.7,39.5,32.2,10.9,1.93,23.2,37.9
AQI2338,Sydney,Australia,2024-02-07,5.88,29.5,47.0,94.6,56779.0,56.6,330.3,19.9,17.5,18.4,20.1,1.0,1.21,47.6,23.1
AQI2109,Berlin,Germany,2024-01-09,3.43,38.5,31.6,95.6,49941.0,49.6,423.3,25.5,19.8,33.4,13.1,8.8,1.77,25.8,40.8
AQI1137,Beijing,China,2024-02-06,21.39,82.2,22.0,88.9,17964.0,12.3,481.5,12.6,79.7,112.9,34.1,25.2,3.06,41.0,110.2
AQI2136,Berlin,Germany,2024-02-05,3.43,38.5,31.6,95.6,49941.0,49.6,423.3,25.5,41.5,64.7,23.2,8.3,2.2,20.0,62.6
AQI2219,rome,Italy,2024-01-19,4.27,37.2,32.0,92.7,35529.0,47.6,322.5,25.5,60.1,101.7,21.0,6.5,,33.9,84.9
AQI1853,Istanbul,Turkey,2024-01-03,15.58,54.7,15.3,88.9,10428.0,22.0,432.0,1.0,61.9,94.7,34.5,10.7,2.26,29.0,89.3
AQI2203,Rome,Italy,2024-01-03,4.27,37.2,32.0,92.7,35529.0,47.6,322.5,25.5,32.6,46.3,11.5,9.4,1.64,51.0,-45.7
AQI2883,Warsaw,Poland,2024-02-02,2.19,46.7,18.0,87.6,18206.0,28.6,369.0,11.4,54.7,88.8,33.4,9.8,2.13,40.8,79.5
AQI1724,Moscow,Russia,2024-01-24,12.52,51.6,49.7,92.2,14053.0,36.7,426.8,24.6,37.6,58.9,29.3,14.3,1.43,28.9,60.3
AQI1860,Istanbul,Turkey,2024-01-10,15.58,54.7,15.3,88.9,10428.0,22.0,432.0,1.0,52.0,83.8,21.5,15.0,2.37,25.2,69.9
AQI1970,Seoul,South Korea,2024-01-20,9.44,53.5,23.2,93.8,33071.0,41.4,409.7,5.8,60.4,85.9,32.8,7.3,2.25,32.8,90.1
AQI1497,Lagos,Nigeria,2024-02-16,14.99,59.0,26.1,84.5,3314.0,23.4,475.8,8.3,67.6,123.2,22.2,15.1,2.47,37.3,99.1
AQI1951,Seoul,South Korea,2024-01-01,9.44,53.5,23.2,93.8,33071.0,41.4,409.7,5.8,52.3,75.1,23.2,6.5,1.56,38.3,63.5
AQI1806,Manila,Philippines,2024-01-06,13.86,58.9,24.1,87.1,4432.0,15.6,432.2,6.4,55.5,93.0,26.5,16.6,1.79,40.9,81.1
AQI1130,Beijing,China,2024-01-30,21.39,82.2,22.0,88.9,17964.0,12.3,481.5,12.6,84.5,144.5,41.7,21.3,3.39,22.2,114.9
AQI1338,Jakarta,Indonesia,2024-02-07,10.45,57.5,49.8,89.5,4903.0,18.6,401.2,15.7,49.9,83.1,30.8,15.0,1.66,43.0,82.3
AQI2992,Wellington,New Zealand,2024-02-11,0.45,20.1,31.4,86.7,48404.0,57.2,253.7,18.9,33.3,59.3,11.3,1.0,0.89,39.9,52.5
AQI1609,New York,USA,2024-01-09,8.5,42.2,36.0,94.8,74047.0,58.9,335.3,35.6,37.3,54.7,23.3,11.5,1.42,55.6,55.3
AQI2149,Berlin,Germany,2024-02-18,3.43,38.5,31.6,95.6,49941.0,49.6,6769.787779865502,25.5,27.5,49.7,23.0,8.8,1.93,30.5,45.8
AQI1196,Shanghai,China,2024-02-15,24.43,69.3,25.9,90.4,25603.0,34.8,461.9,5.5,65.3,111.7,33.9,14.6,2.71,48.0,103.1
AQI2251,Toronto,Canada,2024-01-01,2.62,28.2,28.8,91.2,50568.0,59.3,277.0,22.5,34.2,52.8,16.9,3.6,1.22,33.4,53.3
AQI2293,Toronto,Canada,2024-02-12,2.62,28.2,28.8,91.2,50568.0,59.3,277.0,22.5,27.4,36.0,15.7,2.6,0.89,24.7,52.9
AQI2973,Wellington,New Zealand,2024-01-23,0.45,20.1,31.4,86.7,48404.0,57.2,253.7,18.9,39.2,61.1,11.4,1.0,1.0,15.5,55.9
AQI1910,Tokyo,Japan,2024-01-10,37.17,38.7,66.7,94.3,39161.0,45.6,363.2,28.7,23.7,48.1,27.2,1.0,1.97,26.5,43.5
AQI1585,Los Angeles,USA,2024-02-04,4.01,46.8,42.7,95.8,66782.0,47.0,384.8,40.7,34.7,57.7,35.1,7.4,1.62,33.0,59.4
AQI1104,Beijing,China,2024-01-04,21.39,82.2,22.0,88.9,17964.0,12.3,481.5,12.6,67.9,109.7,38.2,21.1,2.4,27.5,94.6
AQI2847,Ho Chi Minh City,Vietnam,2024-02-16,9.59,55.0,39.4,81.4,4512.0,12.7,422.8,24.8,52.6,75.9,33.4,18.2,2.31,32.5,85.4
AQI2865,Warsaw,Poland,2024-01-15,2.19,46.7,18.0,87.6,18206.0,28.6,369.0,11.4,55.9,95.1,26.6,11.3,1.54,29.8,73.7
AQI1720,Moscow,Russia,2024-01-20,12.52,51.6,49.7,92.2,14053.0,36.7,426.8,24.6,36.3,52.9,27.4,11.6,2.89,30.7,55.2
AQI1885,Istanbul,Turkey,2024-02-04,15.58,54.7,15.3,88.9,10428.0,22.0,432.0,1.0,61.5,96.7,28.7,14.8,2.32,33.3,90.9
AQI1777,Bangkok,Thailand,2024-01-27,10.37,60.3,30.7,87.9,8306.0,23.6,556.5,1.0,50.9,81.3,28.6,17.6,2.43,42.3,84.9
AQI2570,Buenos Aires,Argentina,2024-01-20,15.51,114.39390494384322,16.2,89.5,10293.0,24.9,419.3,1.0,53.5,84.3,29.3,9.1,1.88,50.5,79.2
AQI1850,Manila,Philippines,2024-02-19,13.86,58.9,24.1,87.1,4432.0,15.6,432.2,6.4,76.7,132.0,32.3,19.4,2.22,35.4,109.7
AQI1895,Istanbul,Turkey,2024-02-14,15.58,54.7,15.3,88.9,10428.0,22.0,432.0,1.0,64.0,105.5,31.9,18.5,2.09,40.8,92.9
AQI1228,Lahore,Pakistan,2024-01-28,11.05,73.1,13.5,85.4,1687.0,22.3,511.7,11.1,82.4,134.7,32.3,18.2,2.91,34.6,116.8
AQI2879,Warsaw,Poland,2024-01-29,2.19,46.7,18.0,87.6,18206.0,28.6,369.0,11.4,57.8,93.4,17.2,11.9,1.44,38.8,76.5
AQI2326,Sydney,Australia,2024-01-26,5.88,29.5,47.0,94.6,56779.0,56.6,330.3,19.9,23.0,34.2,18.3,1.0,0.95,45.4,40.1
AQI2300,Toronto,Canada,2024-02-19,2.62,28.2,28.8,91.2,50568.0,59.3,277.0,22.5,38.3,64.4,5.7,7.0,1.43,44.0,57.0
AQI1127,Beijing,China,2024-01-27,21.39,82.2,22.0,88.9,17964.0,12.3,481.5,12.6,69.7,116.0,45.2,29.4,2.73,38.9,110.2
AQI1406,Cairo,Egypt,2024-01-06,20.65,62.5,7.3,82.7,4267.0,23.4,427.6,2.1,58.8,91.3,39.7,15.6,2.42,31.6,93.4
AQI1776,bangkok,Thailand,2024-01-26,10.37,60.3,30.7,87.9,8306.0,23.6,556.5,1.0,64.2,102.3,24.5,15.6,2.74,,98.1
AQI1822,Manila,Philippines,2024-01-22,13.86,58.9,24.1,87.1,4432.0,15.6,432.2,6.4,48.5,68.8,39.0,13.5,1.93,13.7,71.7
AQI1712,Moscow,Russia,2024-01-12,12.52,51.6,49.7,92.2,14053.0,36.7,426.8,24.6,30.3,43.9,27.8,14.3,2.16,35.0,52.9
AQI2887,Warsaw,Poland,2024-02-06,2.19,46.7,18.0,87.6,18206.0,28.6,369.0,11.4,59.7,94.5,17.2,16.7,1.62,32.6,75.0
AQI2061,Paris,France,2024-01-11,11.3,34.0,21.1,93.6,47249.0,52.6,349.0,10.9,26.6,36.2,24.3,7.3,1.45,31.7,45.7
AQI2164,Madrid,Spain,2024-01-14,6.87,37.2,33.1,92.5,33551.0,34.2,385.5,21.4,42.6,74.4,22.0,4.9,1.18,36.5,61.9
AQI1304,Jakarta,Indonesia,2024-01-04,10.45,57.5,49.8,89.5,4903.0,18.6,401.2,15.7,43.5,81.8,29.1,13.3,1.95,30.7,77.0
AQI1268,Dhaka,Bangladesh,2024-01-18,20.95,68.2,20.6,89.0,2717.0,9.6,480.2,1.0,65.5,103.8,33.9,13.0,2.76,26.2,98.0
AQI2558,Buenos Aires,Argentina,2024-01-08,15.51,138.025664222082,16.2,89.5,10293.0,24.9,419.3,1.0,58.9,91.9,22.7,12.1,2.35,50.8,81.5
AQI1546,Mexico City,Mexico,2024-02-15,22.38,57.0,35.7,88.2,11525.0,14.1,424.1,3.1,53.5,95.3,29.9,18.6,1.79,40.5,78.9
AQI1213,Lahore,Pakistan,2024-01-13,11.05,73.1,13.5,85.4,,22.3,511.7,11.1,68.4,116.0,46.0,24.8,2.45,26.8,106.2
AQI1897,Istanbul,Turkey,2024-02-16,15.58,54.7,15.3,88.9,10428.0,22.0,432.0,1.0,57.0,100.1,31.8,13.9,1.77,29.5,91.9
AQI2493,  Nairobi  ,Kenya,2024-02-12,4.3,40.1,6.0,77.8,2023.0,15.4,453.8,10.3,46.8,69.7,13.3,10.2,2.12,34.0,64.9
AQI2223,rome,Italy,2024-01-23,4.27,37.2,32.0,92.7,35529.0,47.6,322.5,25.5,30.1,55.9,16.5,8.1,1.48,49.8,54.4
AQI1917,Tokyo,Japan,2024-01-17,37.17,38.7,66.7,94.3,39161.0,45.6,363.2,28.7,30.0,52.3,33.9,5.4,1.94,42.9,52.6
AQI2552,Buenos Aires,Argentina,2024-01-02,15.51,40.7,16.2,89.5,10293.0,24.9,419.3,1.0,45.7,72.4,26.0,11.5,1.79,48.5,74.8
AQI1676,Sao Paulo,Brazil,2024-01-26,21.91,48.2,42.3,90.6,12592.0,19.1,482.3,11.2,42.9,76.8,25.2,9.0,2.17,40.5,67.7
AQI2290,Toronto,Canada,2024-02-09,2.62,28.2,28.8,91.2,50568.0,59.3,277.0,22.5,35.9,57.8,13.9,7.6,0.75,41.0,43.1
AQI1815,Manila,Philippines,2024-01-15,13.86,58.9,24.1,87.1,4432.0,15.6,432.2,6.4,60.4,94.2,21.1,20.0,1.81,30.5,88.0
AQI2266,Toronto,Canada,2024-01-16,2.62,28.2,28.8,91.2,50568.0,59.3,277.0,22.5,21.9,37.8,12.7,1.4,1.32,50.6,40.1
AQI1343,Jakarta,Indonesia,2024-02-12,10.45,57.5,49.8,89.5,4903.0,18.6,401.2,15.7,41.1,60.7,28.8,11.7,2.26,47.4,62.9
AQI1550,Mexico City,Mexico,2024-02-19,22.38,57.0,35.7,88.2,11525.0,14.1,424.1,3.1,73.9,123.5,35.3,14.8,2.33,47.1,-101.6
AQI2411,Hong Kong,China,2024-01-11,7.57,46.2,47.6,99.6,46494.0,47.0,437.9,37.1,17.8,24.4,20.1,7.5,2.04,31.8,34.0
AQI2215,Rome,Italy,2024-01-15,4.27,37.2,32.0,92.7,35529.0,47.6,322.5,25.5,33.5,46.5,26.9,5.4,1.0,41.6,59.4
AQI1967,Seoul,South Korea,2024-01-17,9.44,53.5,23.2,93.8,33071.0,41.4,409.7,5.8,55.6,84.6,17.2,8.9,1.99,25.2,77.3
AQI2231,Rome,Italy,2024-01-31,4.27,37.2,32.0,92.7,35529.0,47.6,322.5,25.5,37.6,62.1,19.4,9.2,1.53,35.9,56.0
AQI1296,Dhaka,Bangladesh,2024-02-15,20.95,68.2,20.6,89.0,2717.0,9.6,480.2,1.0,69.2,115.2,33.7,18.3,2.24,11.3,99.5
AQI1696,Sao Paulo,Brazil,2024-02-15,21.91,48.2,112.80727770976617,90.6,12592.0,19.1,482.3,11.2,53.1,87.3,17.4,7.8,2.41,36.5,77.0
AQI2453,Nairobi,Kenya,2024-01-03,4.3,40.1,6.0,77.8,2023.0,15.4,453.8,10.3,48.0,83.1,22.1,8.7,,41.0,73.0
AQI1074,Mumbai,India,2024-01-24,12.56,63.8,21.6,97.3,3190.0,17.5,511.8,4.8,66.2,107.5,28.6,19.1,1.93,36.1,89.9
AQI1606,New York,USA,2024-01-06,8.5,42.2,36.0,94.8,74047.0,58.9,335.3,35.6,31.9,56.6,22.9,13.8,1.91,28.1,53.8
AQI1105,Beijing,China,2024-01-05,21.39,82.2,22.0,88.9,17964.0,12.3,481.5,12.6,66.2,112.2,37.2,30.9,2.97,38.5,100.0
AQI1646,New York,USA,2024-02-15,8.5,42.2,36.0,94.8,74047.0,58.9,335.3,35.6,38.7,59.2,30.6,5.2,1.83,38.2,67.1
AQI2405,Hong Kong,China,2024-01-05,7.57,46.2,47.6,99.6,46494.0,47.0,437.9,37.1,34.8,57.2,28.8,14.5,1.47,32.3,55.4
AQI2961,Wellington,New Zealand,2024-01-11,0.45,20.1,31.4,86.7,48404.0,57.2,253.7,18.9,14.1,19.1,17.1,1.0,0.95,27.5,23.0
AQI2041,London,UK,2024-02-10,9.16,34.9,30.7,95.0,49864.0,50.8,434.4,21.7,50.0,78.4,17.9,7.8,1.34,45.6,65.4
AQI1440,Cairo,Egypt,2024-02-09,20.65,62.5,7.3,82.7,4267.0,23.4,427.6,2.1,80.5,124.5,29.9,16.9,2.04,47.3,110.7
AQI2020,London,UK,2024-01-20,9.16,34.9,30.7,95.0,49864.0,50.8,434.4,21.7,33.2,50.4,21.8,7.8,0.75,45.6,57.0
AQI1092,Mumbai,India,2024-02-11,12.56,63.8,21.6,97.3,3190.0,17.5,511.8,4.8,60.9,112.9,33.4,17.2,2.42,38.7,94.0
AQI2113,Berlin,Germany,2024-01-13,3.43,38.5,31.6,95.6,49941.0,49.6,423.3,25.5,32.9,59.4,28.3,9.4,1.45,30.2,54.6
AQI2755,Kuala Lumpur,Malaysia,2024-01-05,8.48,52.2,55.3,93.6,11160.0,13.1,473.7,27.7,42.0,65.2,18.9,10.8,1.75,34.4,64.3
AQI1909,Tokyo,Japan,2024-01-09,37.17,38.7,66.7,94.3,39161.0,45.6,363.2,28.7,19.5,39.7,34.3,8.6,1.64,26.9,41.2
AQI2475,Nairobi,Kenya,2024-01-25,4.3,40.1,6.0,77.8,2023.0,15.4,453.8,10.3,55.2,96.6,19.3,12.8,1.76,37.6,92.1
AQI1103,Beijing,China,2024-01-03,21.39,82.2,22.0,88.9,17964.0,12.3,481.5,12.6,86.7,144.8,32.8,,2.63,37.0,126.6
AQI1239,Lahore,Pakistan,2024-02-08,11.05,73.1,13.5,85.4,1687.0,22.3,511.7,11.1,83.6,145.2,35.9,17.2,2.93,36.8,111.8
AQI2702,Tehran,Iran,2024-01-02,8.82,59.2,3.4,82.5,4984.0,11.8,391.7,6.0,60.2,87.8,24.8,18.4,2.38,42.1,92.0
AQI1943,Tokyo,Japan,2024-02-12,37.17,38.7,66.7,94.3,39161.0,45.6,363.2,28.7,25.3,43.6,24.0,5.4,2.14,22.3,43.4
AQI2271,Toronto,Canada,2024-01-21,2.62,28.2,28.8,91.2,50568.0,59.3,277.0,22.5,29.6,44.4,12.9,7.1,1.36,49.5,40.7
AQI1939,TOKYO,Japan,2024-02-08,37.17,38.7,66.7,94.3,39161.0,45.6,363.2,28.7,46.5,79.6,29.4,9.2,1.97,5.1,67.8
AQI2692,Riyadh,Saudi Arabia,2024-02-11,7.97,67.1,3.6,84.6,23083.0,32.3,440.6,1.0,74.1,121.5,36.6,17.0,2.45,36.2,112.1
AQI2182,Madrid,Spain,2024-02-01,6.87,37.2,33.1,92.5,33551.0,34.2,385.5,21.4,52.2,79.0,9.3,9.2,1.25,44.9,68.8
AQI2504,Johannesburg,South Africa,2024-01-04,5.55,46.2,6.9,81.4,6932.0,19.9,394.8,1.0,69.7,118.9,31.4,15.2,2.17,58.9,104.2
AQI1006,Delhi,India,2024-01-06,20.19,77.8,33.4,94.3,2582.0,11.2,593.5,14.9,65.6,96.1,37.5,19.7,3.26,38.4,91.1
AQI2815,ho chi minh city,Vietnam,2024-01-15,9.59,55.0,39.4,81.4,4512.0,12.7,422.8,24.8,58.1,89.7,27.8,12.3,2.51,21.8,85.2
AQI1966,Seoul,South Korea,2024-01-16,9.44,53.5,23.2,93.8,33071.0,41.4,409.7,5.8,41.6,60.1,40.2,18.1,1.97,39.1,65.3
AQI1019,Delhi,India,2024-01-19,20.19,77.8,33.4,94.3,2582.0,11.2,593.5,14.9,64.3,112.2,37.2,20.1,3.19,22.7,101.6
AQI2431,Hong Kong,China,2024-01-31,7.57,46.2,47.6,99.6,46494.0,47.0,437.9,37.1,33.4,56.6,32.5,7.6,1.48,,59.4
AQI1122,Beijing,China,2024-01-22,21.39,82.2,22.0,88.9,17964.0,12.3,481.5,12.6,72.8,108.2,38.3,22.9,3.36,31.5,110.2
AQI1662,Sao Paulo,BRAZIL,2024-01-12,21.91,48.2,42.3,90.6,12592.0,19.1,482.3,11.2,52.1,86.5,31.0,11.4,2.27,49.7,79.4
AQI2682,Riyadh,Saudi Arabia,2024-02-01,7.97,67.1,3.6,84.6,23083.0,32.3,440.6,1.0,65.8,107.3,32.3,18.0,2.54,56.2,100.7
AQI1275,Dhaka,BANGLADESH,2024-01-25,20.95,68.2,20.6,89.0,2717.0,9.6,480.2,1.0,70.8,112.3,35.3,22.3,2.71,7.5,107.0
AQI1434,Cairo,Egypt,2024-02-03,20.65,62.5,7.3,82.7,4267.0,23.4,427.6,2.1,83.9,129.8,35.2,13.3,2.48,43.4,108.9
AQI1812,Manila,Philippines,2024-01-12,13.86,58.9,24.1,87.1,4432.0,15.6,432.2,6.4,51.5,67.8,34.1,13.2,2.23,23.9,74.9
AQI2301,Sydney,Australia,2024-01-01,5.88,29.5,47.0,94.6,56779.0,56.6,330.3,19.9,18.9,24.2,14.0,1.0,1.18,28.9,30.3
AQI2336,Sydney,Australia,2024-02-05,5.88,29.5,47.0,94.6,56779.0,56.6,330.3,19.9,17.7,31.8,23.3,5.1,1.34,23.1,35.8
AQI2928,Stockholm,Sweden,2024-01-28,1.81,26.2,69.9,97.7,60164.0,51.8,336.6,37.6,3.0,19.5,11.9,4.0,1.2,21.5,10.1
AQI2889,Warsaw,Poland,2024-02-08,2.19,46.7,18.0,87.6,18206.0,28.6,369.0,11.4,49.4,73.9,29.2,10.6,1.48,44.4,65.9
AQI2571,Buenos Aires,Argentina,2024-01-21,15.51,40.7,16.2,89.5,10293.0,24.9,419.3,1.0,54.4,86.4,29.8,9.4,2.19,36.5,76.8
AQI1182,Shanghai,China,2024-02-01,24.43,69.3,25.9,90.4,25603.0,34.8,461.9,5.5,72.7,112.3,42.2,17.2,2.33,41.5,102.4
AQI1185,Shanghai,CHINA,2024-02-04,24.43,69.3,25.9,90.4,25603.0,34.8,461.9,5.5,71.3,117.2,36.9,19.2,2.57,16.4,100.2
AQI1407,Cairo,Egypt,2024-01-07,20.65,62.5,7.3,82.7,4267.0,23.4,427.6,2.1,73.6,128.8,32.5,19.2,2.34,51.9,105.9
AQI1866,Istanbul,Turkey,2024-01-16,15.58,54.7,15.3,88.9,10428.0,22.0,432.0,1.0,57.9,89.4,23.8,21.4,2.67,26.1,94.4
AQI2631,Santiago,Chile,2024-01-31,6.58,44.2,13.9,88.4,16282.0,29.7,374.4,1.0,37.1,54.5,22.8,10.0,1.37,28.3,50.6
AQI1521,Mexico City,Mexico,2024-01-21,22.38,57.0,35.7,88.2,11525.0,14.1,424.1,3.1,46.7,60.9,35.8,12.1,1.61,36.1,73.7
AQI2004,London,UK,2024-01-04,9.16,34.9,30.7,95.0,49864.0,50.8,434.4,21.7,18.8,31.1,20.3,6.2,1.96,42.9,38.2
AQI1381,Karachi,Pakistan,2024-01-31,15.59,72.9,19.0,88.0,1826.0,16.1,522.7,3.1,91.4,146.3,42.5,24.1,2.44,32.3,136.8
AQI2435,Hong Kong,China,2024-02-04,7.57,46.2,47.6,99.6,46494.0,47.0,437.9,37.1,34.8,53.3,34.2,12.0,1.65,38.6,58.3
AQI2659,Riyadh,Saudi Arabia,2024-01-09,7.97,67.1,3.6,84.6,23083.0,32.3,440.6,1.0,70.7,109.3,33.2,17.3,2.2,40.3,102.3
AQI2394,  Singapore  ,Singapore,2024-02-13,5.42,54.4,23.4,100.0,72404.0,66.4,373.3,13.3,48.2,87.2,22.1,8.8,1.36,32.0,68.6
AQI2425,Hong Kong,China,2024-01-25,7.57,46.2,47.6,99.6,46494.0,47.0,437.9,37.1,38.8,63.4,26.8,9.3,1.88,44.8,69.6
AQI2613,Santiago,Chile,2024-01-13,6.58,44.2,13.9,88.4,16282.0,29.7,374.4,1.0,61.8,93.1,29.0,10.8,2.05,49.3,91.4
AQI1428,Cairo,Egypt,2024-01-28,20.65,62.5,7.3,82.7,4267.0,23.4,427.6,2.1,71.1,113.3,30.8,12.7,2.41,56.5,103.5
AQI1079,Mumbai,India,2024-01-29,12.56,63.8,21.6,97.3,3190.0,17.5,511.8,4.8,74.0,116.4,39.1,15.9,1.81,26.7,95.9
AQI2598,Buenos Aires,Argentina,2024-02-17,15.51,40.7,16.2,89.5,10293.0,24.9,419.3,1.0,47.7,75.2,30.0,11.3,1.81,37.4,68.8
AQI2010,London,UK,2024-01-10,9.16,34.9,30.7,95.0,49864.0,50.8,434.4,21.7,49.4,80.5,23.8,4.5,2.04,32.8,74.1
AQI2969,Wellington,New Zealand,2024-01-19,0.45,20.1,31.4,86.7,48404.0,57.2,253.7,18.9,27.2,49.0,10.3,2.3,0.27,31.1,43.3
AQI2662,Riyadh,Saudi Arabia,2024-01-12,7.97,67.1,3.6,84.6,23083.0,32.3,440.6,1.0,77.4,127.7,26.6,11.5,2.01,37.0,120.9
AQI1608,New York,USA,2024-01-08,8.5,42.2,36.0,94.8,74047.0,58.9,335.3,35.6,21.3,36.5,25.5,8.6,1.5,40.5,43.3
AQI2783,Kuala Lumpur,Malaysia,2024-02-02,8.48,52.2,55.3,93.6,11160.0,13.1,473.7,27.7,37.3,60.1,28.2,14.1,2.08,33.6,60.1
AQI2989,Wellington,New Zealand,2024-02-08,0.45,20.1,31.4,86.7,48404.0,57.2,253.7,18.9,26.0,40.0,15.6,1.8,0.77,33.5,29.7
AQI2873,Warsaw,Poland,2024-01-23,2.19,46.7,18.0,87.6,18206.0,28.6,369.0,11.4,66.6,109.3,19.1,12.9,1.87,47.2,93.2
AQI2058,Paris,France,2024-01-08,11.3,34.0,21.1,93.6,47249.0,52.6,349.0,10.9,27.5,31.1,19.2,4.8,1.06,48.7,44.7
AQI2441,Hong Kong,China,2024-02-10,7.57,46.2,47.6,99.6,46494.0,47.0,437.9,37.1,33.9,59.1,21.1,11.9,2.24,16.2,61.2
AQI2515,Johannesburg,South Africa,2024-01-15,5.55,46.2,6.9,81.4,6932.0,19.9,394.8,1.0,66.2,113.8,22.1,10.6,1.51,45.9,92.4
AQI2586,Buenos Aires,Argentina,2024-02-05,15.51,40.7,16.2,89.5,10293.0,24.9,419.3,1.0,59.8,104.9,30.4,12.4,2.23,38.1,93.2
AQI2092,Paris,France,2024-02-11,11.3,34.0,21.1,93.6,47249.0,52.6,349.0,10.9,40.5,65.5,20.1,4.8,1.22,32.3,59.9
AQI2561,Buenos Aires,Argentina,2024-01-11,15.51,40.7,16.2,89.5,10293.0,24.9,419.3,1.0,52.7,90.0,21.8,10.7,0.79,33.1,77.9
AQI2102,Berlin,Germany,2024-01-02,3.43,38.5,31.6,95.6,49941.0,49.6,423.3,25.5,43.0,61.6,15.3,1.7,1.49,48.6,59.8
AQI2130,Berlin,Germany,2024-01-30,3.43,38.5,31.6,95.6,49941.0,49.6,423.3,25.5,36.3,60.8,17.7,4.3,1.9,34.2,53.5
AQI2236,Rome,Italy,2024-02-05,4.27,37.2,32.0,92.7,35529.0,47.6,322.5,25.5,31.1,47.6,19.6,5.7,1.63,53.9,46.1
AQI2765,Kuala Lumpur,Malaysia,2024-01-15,8.48,52.2,55.3,93.6,11160.0,13.1,473.7,27.7,47.6,81.4,30.0,11.2,1.64,29.7,71.3
AQI1959,Seoul,South Korea,2024-01-09,9.44,53.5,23.2,93.8,33071.0,41.4,409.7,5.8,59.2,89.9,24.8,8.9,2.11,43.2,78.2
AQI2663,Riyadh,Saudi Arabia,2024-01-13,7.97,67.1,3.6,84.6,23083.0,32.3,440.6,1.0,73.7,107.1,29.4,18.2,2.38,26.3,102.7
AQI1560,Los Angeles,USA,2024-01-10,4.01,46.8,42.7,95.8,66782.0,47.0,384.8,40.7,40.2,64.5,16.4,6.6,1.81,32.8,56.8
AQI1847,Manila,Philippines,2024-02-16,13.86,58.9,24.1,87.1,4432.0,15.6,432.2,6.4,86.7,142.2,30.9,17.9,2.07,60.3,123.4
AQI2745,Tehran,Iran,2024-02-14,8.82,59.2,3.4,82.5,4984.0,11.8,391.7,6.0,74.2,124.3,32.9,17.4,1.73,25.1,105.9
AQI1691,SAO PAULO,Brazil,2024-02-10,21.91,48.2,42.3,90.6,12592.0,19.1,482.3,11.2,52.1,79.0,37.2,14.5,1.93,20.3,76.6
AQI2520,Johannesburg,South Africa,2024-01-20,5.55,46.2,6.9,81.4,6932.0,19.9,394.8,1.0,51.3,79.3,24.8,15.1,2.09,30.6,72.2
AQI2936,Stockholm,Sweden,2024-02-05,1.81,26.2,69.9,97.7,60164.0,51.8,336.6,37.6,6.2,10.6,14.4,5.6,1.68,21.0,18.9
AQI2864,Warsaw,Poland,2024-01-14,2.19,46.7,18.0,87.6,18206.0,28.6,369.0,11.4,51.4,82.1,19.9,5.8,1.52,27.6,74.5
AQI1437,Cairo,Egypt,2024-02-06,20.65,62.5,7.3,82.7,4267.0,23.4,427.6,2.1,74.9,124.3,23.9,21.2,2.33,34.8,106.7
AQI1491,Lagos,Nigeria,2024-02-10,14.99,59.0,26.1,84.5,3314.0,23.4,475.8,8.3,73.5,112.4,39.9,10.0,2.41,40.8,102.1
AQI2994,Wellington,New Zealand,2024-02-13,0.45,20.1,31.4,86.7,48404.0,57.2,253.7,18.9,31.1,41.5,2.0,6.1,1.07,41.4,37.0
AQI2837,Ho Chi Minh City,Vietnam,2024-02-06,9.59,55.0,39.4,81.4,4512.0,12.7,422.8,24.8,47.5,73.2,32.1,14.7,1.77,47.2,64.9
AQI2630,Santiago,Chile,2024-01-30,6.58,44.2,13.9,88.4,16282.0,29.7,374.4,1.0,49.1,78.0,14.3,6.3,1.7,24.7,79.1
AQI2388,Singapore,SINGAPORE,2024-02-07,5.42,54.4,23.4,100.0,72404.0,66.4,373.3,13.3,45.9,73.8,27.2,12.8,2.15,23.9,60.9
AQI1070,Mumbai,India,2024-01-20,12.56,63.8,21.6,97.3,3190.0,17.5,511.8,4.8,53.8,91.6,42.7,,2.59,30.3,83.5
AQI2573,Buenos Aires,Argentina,2024-01-23,15.51,40.7,,89.5,10293.0,24.9,419.3,1.0,48.6,74.4,23.3,6.1,1.9,51.2,73.2
AQI1809,Manila,Philippines,2024-01-09,13.86,58.9,24.1,87.1,4432.0,15.6,432.2,6.4,59.9,96.7,29.2,15.4,3.11,33.8,94.1
AQI2185,MADRID,Spain,2024-02-04,6.87,37.2,33.1,92.5,33551.0,34.2,385.5,21.4,37.3,59.4,29.7,3.8,2.18,42.6,62.5
AQI1012,Delhi,India,2024-01-12,20.19,77.8,33.4,94.3,2582.0,11.2,593.5,14.9,65.7,110.6,42.7,19.5,3.1,36.0,107.9
AQI1145,Beijing,China,2024-02-14,21.39,82.2,22.0,88.9,17964.0,12.3,481.5,12.6,88.4,145.4,39.6,27.7,2.45,22.1,128.3
AQI1918,Tokyo,Japan,2024-01-18,37.17,38.7,66.7,94.3,39161.0,45.6,363.2,28.7,19.8,44.5,24.2,6.5,2.22,,35.5
AQI2542,Johannesburg,South Africa,2024-02-11,5.55,46.2,6.9,81.4,6932.0,19.9,394.8,1.0,53.6,85.1,25.7,13.0,1.55,33.9,72.1
AQI2452,Nairobi,Kenya,2024-01-02,4.3,40.1,6.0,77.8,2023.0,15.4,453.8,10.3,63.2,99.4,12.1,10.8,1.73,51.1,86.9
AQI1640,New York,USA,2024-02-09,8.5,42.2,36.0,94.8,74047.0,58.9,335.3,35.6,53.5,82.2,26.1,8.5,1.3,34.5,79.5
AQI1177,Shanghai,China,2024-01-27,24.43,69.3,,90.4,25603.0,34.8,461.9,5.5,70.3,104.0,36.7,15.0,2.33,48.5,107.5
AQI1995,Seoul,South Korea,2024-02-14,9.44,53.5,23.2,93.8,33071.0,41.4,409.7,5.8,50.5,84.9,25.2,10.3,1.84,36.1,82.1
AQI1441,Cairo,Egypt,2024-02-10,20.65,62.5,7.3,82.7,4267.0,23.4,427.6,2.1,53.7,83.6,28.2,12.3,1.94,40.0,86.2
AQI1522,Mexico City,Mexico,2024-01-22,22.38,57.0,35.7,88.2,11525.0,14.1,424.1,3.1,55.6,86.1,30.7,13.5,1.81,27.5,83.9
AQI2977,Wellington,New Zealand,2024-01-27,0.45,20.1,31.4,86.7,48404.0,57.2,253.7,18.9,31.7,47.7,13.6,1.0,1.5,42.7,53.3
AQI2940,Stockholm,Sweden,2024-02-09,1.81,26.2,69.9,97.7,60164.0,51.8,336.6,37.6,3.0,9.9,10.9,1.0,1.08,36.6,17.5
AQI2713,Tehran,Iran,2024-01-13,8.82,59.2,3.4,82.5,4984.0,11.8,391.7,6.0,54.6,88.2,26.3,18.9,1.79,31.8,70.9
AQI2005,London,UK,2024-01-05,9.16,34.9,30.7,95.0,49864.0,50.8,434.4,21.7,38.8,61.4,29.0,2.0,1.7,36.0,63.8
AQI2256,Toronto,Canada,2024-01-06,2.62,28.2,28.8,91.2,50568.0,59.3,277.0,22.5,12.6,20.0,15.1,7.5,1.62,28.8,30.4
AQI2235,Rome,Italy,2024-02-04,4.27,37.2,32.0,92.7,35529.0,47.6,322.5,25.5,48.2,80.7,15.4,9.3,1.41,32.3,70.9
AQI2665,Riyadh,Saudi Arabia,2024-01-15,7.97,67.1,3.6,84.6,23083.0,32.3,440.6,1.0,75.7,122.9,33.5,16.5,2.15,40.2,120.9
AQI1144,Beijing,China,2024-02-13,21.39,82.2,22.0,88.9,17964.0,12.3,481.5,12.6,88.5,141.8,42.6,24.8,2.51,34.1,119.4
AQI1754,Bangkok,Thailand,2024-01-04,10.37,60.3,30.7,87.9,8306.0,23.6,556.5,1.0,56.7,83.5,29.8,17.0,2.45,26.9,84.2
AQI1520,Mexico City,Mexico,2024-01-20,22.38,57.0,35.7,88.2,11525.0,14.1,424.1,3.1,69.7,101.7,22.6,12.7,2.39,39.6,102.6
AQI3000,Wellington,New Zealand,2024-02-19,0.45,20.1,31.4,86.7,48404.0,57.2,253.7,18.9,22.1,40.2,9.9,4.1,1.09,41.0,42.6
AQI2323,Sydney,Australia,2024-01-23,5.88,29.5,47.0,94.6,56779.0,56.6,330.3,19.9,26.4,51.7,7.0,2.2,0.67,33.3,40.1
AQI1823,manila,Philippines,2024-01-23,13.86,58.9,24.1,87.1,4432.0,15.6,432.2,6.4,58.9,98.6,23.7,11.1,2.32,46.4,79.4
AQI1429,Cairo,Egypt,2024-01-29,20.65,62.5,7.3,82.7,4267.0,23.4,427.6,2.1,75.9,125.5,27.1,22.3,2.37,55.2,106.9
AQI1613,NEW YORK,USA,2024-01-13,8.5,42.2,36.0,94.8,74047.0,58.9,335.3,35.6,36.6,62.0,24.5,10.4,1.7,29.3,62.2
AQI2506,Johannesburg,South Africa,2024-01-06,5.55,46.2,6.9,81.4,6932.0,19.9,394.8,1.0,60.5,106.3,28.1,15.7,1.75,21.5,86.3
AQI2033,London,UK,2024-02-02,9.16,34.9,30.7,95.0,49864.0,50.8,434.4,21.7,28.6,43.8,20.4,1.0,2.08,36.8,48.7
AQI1157,Shanghai,China,2024-01-07,24.43,69.3,25.9,90.4,25603.0,34.8,461.9,5.5,76.9,116.1,38.7,15.5,2.53,39.4,112.3
AQI1540,Mexico City,Mexico,2024-02-09,22.38,57.0,35.7,88.2,11525.0,14.1,424.1,3.1,53.7,85.9,30.4,13.5,1.99,37.8,89.0
AQI2531,Johannesburg,South Africa,2024-01-31,5.55,46.2,6.9,81.4,6932.0,19.9,394.8,1.0,62.3,100.4,8.7,8.7,1.55,41.9,85.4
AQI2461,Nairobi,Kenya,2024-01-11,4.3,40.1,6.0,77.8,2023.0,15.4,453.8,10.3,43.0,62.9,18.0,8.4,1.67,32.0,58.0
AQI2291,Toronto,Canada,2024-02-10,2.62,28.2,28.8,91.2,50568.0,59.3,277.0,22.5,24.0,31.2,18.5,3.8,1.14,24.6,35.3
AQI1462,Lagos,Nigeria,2024-01-12,14.99,59.0,26.1,84.5,3314.0,23.4,475.8,8.3,60.5,107.4,31.4,11.7,2.42,56.9,87.9
AQI1577,Los Angeles,USA,2024-01-27,4.01,46.8,42.7,95.8,66782.0,47.0,384.8,40.7,31.6,60.5,22.2,9.6,2.07,46.3,54.3
AQI2363,Singapore,Singapore,2024-01-13,5.42,54.4,23.4,100.0,72404.0,66.4,373.3,13.3,46.3,70.8,19.5,9.3,1.95,39.7,69.0
AQI1256,Dhaka,Bangladesh,2024-01-06,20.95,68.2,20.6,89.0,2717.0,9.6,480.2,1.0,69.4,107.4,38.1,15.5,2.57,36.6,101.3
AQI1980,Seoul,SOUTH KOREA,2024-01-30,9.44,53.5,23.2,93.8,33071.0,41.4,409.7,5.8,60.5,95.0,29.4,12.7,1.73,49.4,88.1
AQI2186,Madrid,SPAIN,2024-02-05,6.87,37.2,33.1,92.5,33551.0,34.2,385.5,21.4,32.1,54.8,16.5,11.6,1.29,33.9,47.3
AQI2007,  London  ,UK,2024-01-07,9.16,34.9,30.7,95.0,49864.0,50.8,434.4,21.7,54.4,84.8,13.7,5.2,1.66,41.0,72.1
AQI2522,Johannesburg,South Africa,2024-01-22,5.55,46.2,6.9,81.4,6932.0,19.9,394.8,1.0,59.8,86.5,20.1,10.5,1.66,29.7,79.1
AQI2690,Riyadh,Saudi Arabia,2024-02-09,7.97,67.1,3.6,84.6,23083.0,32.3,440.6,1.0,78.1,133.0,29.8,20.4,2.35,23.1,107.5
AQI1561,Los Angeles,USA,2024-01-11,4.01,46.8,42.7,95.8,66782.0,47.0,384.8,40.7,31.4,54.5,20.8,9.3,2.4,19.4,43.5
AQI1209,Lahore,Pakistan,2024-01-09,11.05,73.1,13.5,85.4,1687.0,22.3,511.7,11.1,86.7,146.0,41.7,21.9,2.83,32.5,123.0
AQI1911,Tokyo,Japan,2024-01-11,37.17,38.7,66.7,94.3,39161.0,45.6,363.2,28.7,26.5,47.3,32.1,6.8,1.77,29.6,47.9
AQI2312,Sydney,Australia,2024-01-12,5.88,29.5,47.0,94.6,56779.0,56.6,330.3,19.9,21.9,36.1,19.8,5.6,1.17,27.6,39.9
AQI1002,Delhi,India,2024-01-02,20.19,77.8,33.4,94.3,2582.0,11.2,593.5,14.9,62.4,93.7,42.7,18.4,2.52,49.6,94.7
AQI2366,Singapore,Singapore,2024-01-16,5.42,54.4,23.4,100.0,72404.0,66.4,373.3,13.3,50.8,78.6,31.9,8.5,1.99,21.0,76.3
AQI1270,Dhaka,Bangladesh,2024-01-20,20.95,68.2,20.6,89.0,2717.0,9.6,480.2,1.0,75.0,117.2,35.7,26.9,2.08,39.4,111.5
AQI1266,Dhaka,Bangladesh,2024-01-16,20.95,68.2,20.6,89.0,2717.0,9.6,480.2,1.0,72.9,116.0,38.5,14.2,2.2,25.0,105.6
AQI1915,Tokyo,JAPAN,2024-01-15,37.17,38.7,66.7,94.3,39161.0,45.6,363.2,28.7,29.8,54.7,28.5,3.7,1.79,16.0,49.4
AQI1231,Lahore,Pakistan,2024-01-31,11.05,73.1,13.5,85.4,1687.0,22.3,511.7,11.1,80.9,131.5,37.5,19.1,2.7,35.0,118.5
AQI2972,Wellington,New Zealand,2024-01-22,0.45,20.1,31.4,86.7,48404.0,57.2,253.7,18.9,34.8,50.9,6.3,1.0,0.83,44.3,43.7
AQI2120,Berlin,Germany,2024-01-20,3.43,38.5,31.6,95.6,49941.0,49.6,423.3,25.5,31.2,62.6,25.2,1.0,1.48,17.1,45.7
AQI2967,Wellington,New Zealand,2024-01-17,0.45,20.1,31.4,86.7,48404.0,57.2,253.7,18.9,24.3,35.1,7.7,1.0,1.33,22.6,31.9
AQI1865,Istanbul,Turkey,2024-01-15,15.58,54.7,15.3,88.9,10428.0,22.0,432.0,1.0,55.2,94.0,15.7,14.1,1.68,32.9,77.5
AQI2067,Paris,France,2024-01-17,11.3,34.0,21.1,93.6,47249.0,52.6,349.0,10.9,51.6,71.6,9.0,6.8,1.36,36.9,72.9
AQI1874,Istanbul,Turkey,2024-01-24,15.58,54.7,15.3,88.9,10428.0,22.0,432.0,1.0,45.0,80.4,22.6,11.5,2.01,51.9,74.7
AQI2794,Kuala Lumpur,Malaysia,2024-02-13,8.48,52.2,55.3,93.6,11160.0,13.1,473.7,27.7,46.3,69.0,21.5,13.1,2.02,53.3,70.3
AQI1399,Karachi,Pakistan,2024-02-18,15.59,72.9,19.0,88.0,1826.0,16.1,522.7,3.1,75.4,125.7,32.0,20.8,3.02,32.0,108.1
AQI2825,  Ho Chi Minh City  ,Vietnam,2024-01-25,9.59,55.0,39.4,81.4,4512.0,12.7,422.8,24.8,50.6,91.0,40.2,15.5,1.74,28.6,81.5
AQI2653,Riyadh,Saudi Arabia,2024-01-03,7.97,67.1,3.6,84.6,23083.0,32.3,440.6,1.0,66.4,108.3,42.2,18.6,2.48,29.7,104.5
AQI1046,Delhi,India,2024-02-15,20.19,77.8,33.4,94.3,2582.0,11.2,593.5,14.9,95.0,145.9,35.0,24.6,3.18,41.2,138.1
AQI1162,Shanghai,China,2024-01-12,24.43,69.3,25.9,90.4,25603.0,34.8,461.9,5.5,62.5,85.1,48.7,13.6,2.06,46.3,105.4
AQI1992,Seoul,South Korea,2024-02-11,9.44,53.5,23.2,93.8,33071.0,41.4,409.7,5.8,56.2,84.7,20.4,12.2,1.95,37.5,78.6
AQI1728,moscow,Russia,2024-01-28,12.52,51.6,49.7,92.2,14053.0,36.7,426.8,24.6,42.2,68.2,22.0,10.6,2.13,36.1,67.9
AQI1630,New York,USA,2024-01-30,8.5,42.2,36.0,94.8,74047.0,58.9,335.3,35.6,39.8,67.7,21.6,4.3,1.92,28.7,56.1
AQI1289,Dhaka,Bangladesh,2024-02-08,20.95,68.2,20.6,89.0,2717.0,9.6,480.2,1.0,77.9,121.1,24.1,18.5,2.96,46.2,116.3
AQI2614,Santiago,Chile,2024-01-14,6.58,44.2,13.9,88.4,16282.0,29.7,374.4,1.0,54.4,89.6,12.7,11.4,1.36,39.6,70.1
AQI2060,Paris,France,2024-01-10,11.3,34.0,21.1,93.6,47249.0,52.6,349.0,10.9,40.4,59.5,22.4,4.2,1.46,51.3,56.6
AQI2951,Wellington,New Zealand,2024-01-01,0.45,20.1,31.4,86.7,48404.0,57.2,253.7,18.9,18.1,33.4,11.4,1.0,0.99,32.0,34.2
AQI1576,Los Angeles,USA,2024-01-26,4.01,46.8,42.7,95.8,66782.0,47.0,384.8,40.7,36.3,63.8,24.4,10.5,1.42,24.8,65.9
AQI1851,Istanbul,Turkey,2024-01-01,15.58,54.7,15.3,88.9,10428.0,22.0,432.0,1.0,57.7,96.8,23.6,14.8,2.18,30.5,82.2
AQI2340,Sydney,Australia,2024-02-09,5.88,29.5,47.0,94.6,56779.0,56.6,330.3,19.9,30.8,54.6,14.7,7.4,1.65,34.0,46.7
AQI1912,Tokyo,Japan,2024-01-12,37.17,38.7,66.7,94.3,39161.0,45.6,363.2,28.7,23.2,40.6,28.8,10.6,2.25,23.1,48.8
AQI2255,Toronto,Canada,2024-01-05,2.62,28.2,28.8,91.2,50568.0,59.3,277.0,22.5,21.6,30.8,22.2,2.7,1.62,44.6,37.1
AQI2723,Tehran,Iran,2024-01-23,8.82,59.2,3.4,82.5,4984.0,11.8,391.7,6.0,50.4,72.7,27.8,18.7,2.2,44.2,74.9
AQI2818,Ho Chi Minh City,Vietnam,2024-01-18,9.59,55.0,39.4,81.4,4512.0,12.7,422.8,24.8,38.3,50.8,33.5,12.9,1.97,32.5,66.1
AQI2736,Tehran,Iran,2024-02-05,8.82,59.2,3.4,82.5,4984.0,11.8,391.7,6.0,67.5,103.7,29.8,16.3,1.97,53.0,105.0
AQI1933,Tokyo,Japan,2024-02-02,37.17,38.7,66.7,94.3,39161.0,45.6,363.2,28.7,32.2,46.2,23.3,4.3,1.78,32.7,54.0
AQI2101,Berlin,Germany,2024-01-01,3.43,38.5,31.6,95.6,49941.0,49.6,423.3,25.5,35.5,59.6,26.2,2.5,1.83,32.6,57.0
AQI2658,Riyadh,Saudi Arabia,2024-01-08,7.97,67.1,3.6,84.6,23083.0,32.3,440.6,1.0,66.4,108.8,28.5,17.3,1.84,37.5,94.3
AQI2208,Rome,Italy,2024-01-08,4.27,37.2,32.0,92.7,35529.0,47.6,322.5,25.5,24.4,32.5,21.8,8.9,1.39,43.0,35.0
AQI1248,Lahore,Pakistan,2024-02-17,11.05,73.1,13.5,85.4,1687.0,22.3,511.7,11.1,84.6,135.6,45.1,18.3,2.65,30.6,116.2
AQI1477,  Lagos  ,Nigeria,2024-01-27,14.99,59.0,26.1,84.5,3314.0,23.4,475.8,8.3,76.9,118.1,28.6,14.8,2.53,38.2,102.1
AQI2695,Riyadh,Saudi Arabia,2024-02-14,7.97,67.1,3.6,84.6,23083.0,32.3,440.6,1.0,93.0,150.7,27.6,19.4,2.19,43.8,128.3
AQI1086,Mumbai,India,2024-02-05,12.56,63.8,21.6,97.3,3190.0,17.5,511.8,4.8,68.1,110.6,27.5,24.5,2.46,37.9,104.3
AQI1470,Lagos,Nigeria,2024-01-20,14.99,59.0,26.1,84.5,3314.0,23.4,475.8,8.3,48.6,73.5,41.1,13.7,2.34,40.1,78.4
AQI1226,Lahore,Pakistan,2024-01-26,11.05,73.1,13.5,85.4,1687.0,22.3,511.7,11.1,100.5,162.7,32.8,18.9,2.94,39.1,133.3
AQI1775,Bangkok,Thailand,2024-01-25,10.37,60.3,30.7,87.9,8306.0,23.6,556.5,1.0,75.1,123.0,29.3,19.4,2.13,39.5,106.8
AQI1332,Jakarta,Indonesia,2024-02-01,10.45,57.5,49.8,89.5,4903.0,18.6,401.2,15.7,50.8,88.0,36.4,12.8,1.66,28.4,79.5
AQI1234,Lahore,Pakistan,2024-02-03,11.05,73.1,13.5,85.4,1687.0,22.3,511.7,11.1,74.1,116.2,32.0,25.0,2.5,50.2,116.6
AQI1589,Los Angeles,USA,2024-02-08,4.01,46.8,42.7,95.8,66782.0,47.0,384.8,40.7,45.4,61.4,23.6,11.2,2.3,28.8,69.1
AQI1476,Lagos,Nigeria,2024-01-26,14.99,59.0,26.1,84.5,3314.0,23.4,475.8,8.3,40.5,68.9,32.0,14.6,2.9,29.3,67.0
AQI2285,Toronto,Canada,2024-02-04,2.62,28.2,28.8,91.2,50568.0,59.3,277.0,22.5,42.5,76.5,2.1,2.7,1.64,30.9,56.9
AQI2867,Warsaw,Poland,2024-01-17,2.19,46.7,18.0,87.6,18206.0,28.6,369.0,11.4,46.3,60.5,21.9,11.2,1.63,31.0,66.8
AQI1600,Los Angeles,USA,2024-02-19,4.01,46.8,42.7,95.8,66782.0,47.0,384.8,40.7,45.0,75.1,21.2,5.1,1.68,45.7,59.4
AQI1422,Cairo,Egypt,2024-01-22,20.65,62.5,7.3,82.7,4267.0,23.4,427.6,2.1,76.7,129.8,31.1,16.0,2.66,20.2,108.6
AQI2712,Tehran,Iran,2024-01-12,8.82,59.2,3.4,82.5,4984.0,11.8,391.7,6.0,75.8,113.6,32.9,11.2,2.03,50.6,103.5
AQI1183,Shanghai,China,2024-02-02,24.43,69.3,25.9,90.4,25603.0,34.8,461.9,5.5,70.6,112.9,42.6,19.2,2.55,44.3,113.4
AQI1989,seoul,South Korea,2024-02-08,9.44,53.5,23.2,93.8,33071.0,41.4,5734.166895062598,5.8,62.6,112.6,30.2,12.4,2.09,48.9,90.2
AQI2001,London,UK,2024-01-01,9.16,34.9,30.7,95.0,49864.0,50.8,434.4,21.7,43.3,69.5,17.7,5.7,1.61,41.4,70.2
AQI2642,Santiago,Chile,2024-02-11,6.58,44.2,13.9,88.4,16282.0,29.7,374.4,1.0,67.2,102.0,21.4,9.3,2.07,38.9,101.7
AQI2357,Singapore,Singapore,2024-01-07,5.42,54.4,23.4,100.0,72404.0,66.4,373.3,13.3,48.2,70.8,29.6,10.0,1.79,38.9,72.3
AQI2463,Nairobi,Kenya,2024-01-13,4.3,40.1,6.0,77.8,2023.0,15.4,453.8,10.3,56.5,83.3,16.5,14.4,,43.0,86.7
AQI1050,Delhi,India,2024-02-19,20.19,77.8,33.4,94.3,2582.0,11.2,593.5,14.9,90.8,150.5,40.3,21.1,2.64,34.8,129.2
AQI2874,Warsaw,Poland,2024-01-24,2.19,46.7,18.0,87.6,18206.0,28.6,369.0,11.4,58.2,80.8,17.5,12.2,1.79,28.2,80.7
AQI2030,London,UK,2024-01-30,9.16,34.9,30.7,95.0,49864.0,50.8,434.4,21.7,39.2,60.3,10.6,7.8,2.25,40.0,61.9
AQI1530,Mexico City,Mexico,2024-01-30,22.38,57.0,35.7,88.2,11525.0,14.1,424.1,3.1,54.9,89.3,30.3,14.6,2.11,33.0,83.7
AQI2259,Toronto,Canada,2024-01-09,2.62,28.2,28.8,91.2,50568.0,59.3,277.0,22.5,25.7,35.3,6.1,1.8,1.09,42.3,37.7
AQI1487,Lagos,Nigeria,2024-02-06,14.99,59.0,26.1,84.5,3314.0,23.4,475.8,8.3,60.1,95.8,26.3,13.7,2.74,42.7,85.4
AQI2949,Stockholm,Sweden,2024-02-18,1.81,26.2,69.9,97.7,60164.0,51.8,336.6,37.6,31.8,54.3,11.1,2.8,1.75,47.8,46.4
AQI1498,Lagos,Nigeria,2024-02-17,14.99,59.0,26.1,84.5,3314.0,23.4,475.8,8.3,54.6,88.7,27.6,8.7,2.64,45.7,83.3
AQI2647,Santiago,Chile,2024-02-16,6.58,44.2,13.9,88.4,16282.0,29.7,374.4,1.0,50.9,88.2,30.8,13.1,,53.0,85.1
AQI1107,Beijing,CHINA,2024-01-07,21.39,82.2,22.0,88.9,17964.0,12.3,481.5,12.6,74.3,129.5,38.8,28.4,3.03,31.1,117.5
AQI1444,Cairo,Egypt,2024-02-13,20.65,62.5,7.3,82.7,4267.0,23.4,427.6,2.1,83.8,128.0,29.7,12.8,2.16,48.7,118.3
AQI2513,Johannesburg,South Africa,2024-01-13,5.55,46.2,6.9,81.4,6932.0,19.9,394.8,1.0,51.1,80.3,31.8,11.8,1.56,32.1,73.0
AQI1647,New York,USA,2024-02-16,8.5,42.2,36.0,94.8,74047.0,58.9,335.3,35.6,34.3,50.5,27.4,9.2,1.14,29.2,54.5
AQI2037,London,UK,2024-02-06,9.16,34.9,30.7,95.0,49864.0,50.8,434.4,21.7,36.2,57.8,14.5,9.5,1.12,40.8,51.7
AQI2763,Kuala Lumpur,Malaysia,2024-01-13,8.48,52.2,55.3,93.6,11160.0,13.1,473.7,27.7,33.3,53.0,15.6,13.5,2.04,28.3,54.2
AQI1727,Moscow,Russia,2024-01-27,12.52,51.6,49.7,92.2,14053.0,36.7,426.8,24.6,42.8,73.1,39.3,13.7,2.36,27.5,66.3
AQI1191,Shanghai,China,2024-02-10,24.43,69.3,25.9,90.4,25603.0,34.8,461.9,5.5,73.1,111.1,43.2,17.3,2.55,26.8,104.8
AQI2789,Kuala Lumpur,Malaysia,2024-02-08,8.48,52.2,55.3,93.6,11160.0,13.1,473.7,27.7,35.1,45.6,26.2,11.3,1.96,33.9,62.6
AQI1283,Dhaka,Bangladesh,2024-02-02,20.95,68.2,20.6,89.0,2717.0,9.6,480.2,1.0,85.2,128.5,21.2,19.5,3.07,49.3,120.4
AQI1030,Delhi,India,2024-01-30,20.19,77.8,33.4,94.3,2582.0,11.2,593.5,14.9,83.7,139.6,44.3,20.2,3.17,27.3,123.1
AQI1170,Shanghai,China,2024-01-20,24.43,69.3,25.9,90.4,25603.0,34.8,461.9,5.5,77.2,119.5,38.6,15.2,3.2,24.2,114.3
AQI2002,  London  ,UK,2024-01-02,9.16,34.9,30.7,95.0,49864.0,50.8,434.4,21.7,37.6,67.3,15.3,5.2,1.44,38.5,54.8
AQI2205,Rome,Italy,2024-01-05,4.27,37.2,32.0,92.7,35529.0,47.6,322.5,25.5,38.1,56.9,12.3,6.3,1.89,46.7,51.1
AQI1101,Beijing,CHINA,2024-01-01,21.39,82.2,22.0,88.9,17964.0,12.3,481.5,12.6,74.1,117.5,42.1,24.0,2.66,28.9,111.5
AQI1198,Shanghai,China,2024-02-17,24.43,69.3,25.9,90.4,25603.0,34.8,461.9,5.5,77.9,127.4,48.0,15.8,2.83,36.7,117.9
AQI1496,Lagos,Nigeria,2024-02-15,14.99,59.0,26.1,84.5,3314.0,23.4,475.8,8.3,67.2,111.6,38.7,11.9,2.27,30.8,91.4
AQI2746,Tehran,Iran,2024-02-15,8.82,59.2,3.4,82.5,4984.0,11.8,391.7,6.0,70.1,117.7,33.1,16.4,1.71,44.6,96.5
AQI1648,New York,USA,2024-02-17,8.5,42.2,36.0,94.8,74047.0,58.9,335.3,35.6,46.5,70.3,7.4,9.5,1.23,14.4,47.6
AQI1988,Seoul,South Korea,2024-02-07,9.44,53.5,23.2,93.8,33071.0,41.4,409.7,5.8,39.4,70.3,22.7,8.7,2.34,43.8,70.5
AQI1045,delhi,India,2024-02-14,20.19,77.8,33.4,94.3,2582.0,11.2,593.5,14.9,83.5,131.7,42.7,20.7,2.97,40.9,118.6
AQI2933,Stockholm,Sweden,2024-02-02,1.81,26.2,69.9,97.7,60164.0,51.8,336.6,37.6,16.7,26.2,13.5,3.2,1.67,30.5,30.9
AQI1711,Moscow,Russia,2024-01-11,12.52,51.6,49.7,92.2,14053.0,36.7,426.8,24.6,24.6,35.1,20.5,16.3,1.98,29.1,48.0
AQI1374,Karachi,Pakistan,2024-01-24,15.59,72.9,19.0,88.0,1826.0,16.1,522.7,3.1,58.2,95.2,29.7,20.4,2.58,43.9,88.2
AQI1679,Sao Paulo,Brazil,2024-01-29,21.91,48.2,42.3,90.6,12592.0,19.1,482.3,11.2,50.6,80.1,26.1,8.9,1.94,20.1,73.5
AQI1567,Los Angeles,USA,2024-01-17,4.01,46.8,42.7,95.8,66782.0,47.0,384.8,40.7,43.8,68.7,27.1,10.4,1.46,36.8,60.9
AQI2673,Riyadh,Saudi Arabia,2024-01-23,7.97,67.1,3.6,84.6,23083.0,32.3,440.6,1.0,73.7,109.5,34.6,25.0,1.9,36.6,92.7
AQI2822,Ho Chi Minh City,Vietnam,2024-01-22,-9.59,55.0,39.4,81.4,4512.0,12.7,422.8,24.8,41.7,58.7,35.8,17.5,2.17,33.6,65.3
AQI1848,Manila,Philippines,2024-02-17,13.86,58.9,24.1,87.1,4432.0,15.6,432.2,6.4,63.5,96.6,36.1,18.3,2.03,42.1,86.3
AQI1461,Lagos,Nigeria,2024-01-11,14.99,59.0,26.1,84.5,3314.0,23.4,475.8,8.3,60.1,90.5,32.5,12.2,2.61,46.7,92.6
AQI2438,Hong Kong,China,2024-02-07,7.57,46.2,47.6,99.6,46494.0,47.0,437.9,37.1,26.9,37.8,23.5,9.4,1.79,9.3,51.7
AQI2156,Madrid,Spain,2024-01-06,6.87,37.2,33.1,92.5,33551.0,34.2,385.5,21.4,42.0,62.0,25.8,6.8,2.0,43.1,49.5
AQI1040,Delhi,India,2024-02-09,20.19,77.8,33.4,94.3,2582.0,11.2,593.5,14.9,82.3,141.1,34.9,27.5,2.36,33.5,123.2
AQI1435,Cairo,Egypt,2024-02-04,20.65,62.5,7.3,82.7,4267.0,23.4,427.6,2.1,66.2,104.3,31.9,13.6,2.43,41.4,96.1
AQI1974,Seoul,South Korea,2024-01-24,9.44,53.5,23.2,93.8,33071.0,41.4,409.7,5.8,53.1,96.4,33.2,16.9,1.99,39.7,88.5
AQI2240,Rome,Italy,2024-02-09,4.27,37.2,32.0,92.7,35529.0,47.6,322.5,25.5,35.0,58.8,17.3,6.3,1.06,40.9,49.1
AQI2008,London,UK,2024-01-08,9.16,34.9,30.7,95.0,49864.0,50.8,434.4,21.7,48.1,70.2,11.4,9.7,0.98,33.4,80.1
AQI2580,Buenos Aires,Argentina,2024-01-30,15.51,40.7,16.2,89.5,10293.0,24.9,419.3,1.0,45.3,71.8,18.2,7.6,1.42,36.0,60.7
AQI2591,Buenos Aires,Argentina,2024-02-10,15.51,40.7,16.2,89.5,10293.0,24.9,419.3,1.0,63.1,105.5,26.6,9.3,1.39,41.7,91.9
AQI2787,Kuala Lumpur,Malaysia,2024-02-06,8.48,52.2,55.3,93.6,11160.0,13.1,473.7,27.7,46.1,84.3,35.7,11.2,2.83,31.9,72.1
AQI2499,Nairobi,Kenya,2024-02-18,4.3,40.1,6.0,77.8,2023.0,15.4,453.8,10.3,56.8,82.1,10.0,7.7,1.28,42.5,72.6
AQI1457,Lagos,Nigeria,2024-01-07,14.99,59.0,26.1,84.5,3314.0,23.4,475.8,8.3,63.5,105.9,26.8,19.3,2.63,37.4,95.7
AQI2836,Ho Chi Minh City,Vietnam,2024-02-05,9.59,55.0,39.4,81.4,4512.0,12.7,422.8,24.8,60.6,96.3,28.2,12.1,2.17,37.6,93.1
AQI1261,Dhaka,Bangladesh,2024-01-11,20.95,68.2,20.6,89.0,2717.0,9.6,480.2,1.0,59.8,93.3,30.7,18.3,2.44,44.7,96.8
AQI2841,Ho Chi Minh City,Vietnam,2024-02-10,9.59,55.0,39.4,81.4,4512.0,12.7,422.8,24.8,51.1,93.7,25.2,14.6,2.12,22.9,77.0
AQI1036,Delhi,India,2024-02-05,20.19,77.8,33.4,94.3,2582.0,11.2,593.5,14.9,84.3,125.8,38.7,24.9,2.73,39.4,125.1
AQI1828,Manila,Philippines,2024-01-28,13.86,58.9,24.1,87.1,4432.0,15.6,432.2,6.4,55.0,92.0,31.5,19.2,2.3,26.7,80.6
AQI1310,Jakarta,Indonesia,2024-01-10,10.45,57.5,49.8,89.5,4903.0,18.6,401.2,15.7,41.2,63.7,25.9,16.1,2.0,26.0,71.1
AQI1277,Dhaka,Bangladesh,2024-01-27,20.95,68.2,20.6,89.0,2717.0,9.6,480.2,1.0,65.1,95.8,33.1,,2.82,42.0,101.2
AQI1637,New York,USA,2024-02-06,8.5,42.2,36.0,94.8,74047.0,58.9,335.3,35.6,30.5,51.0,19.2,9.9,1.28,51.8,44.9
AQI1655,Sao Paulo,Brazil,2024-01-05,21.91,48.2,42.3,90.6,12592.0,19.1,482.3,11.2,44.5,72.6,33.3,13.0,2.09,31.7,73.3
AQI1623,New York,USA,2024-01-23,8.5,42.2,36.0,94.8,74047.0,58.9,335.3,35.6,24.4,43.0,27.9,13.5,1.85,46.2,43.7
AQI2860,Warsaw,Poland,2024-01-10,2.19,46.7,18.0,87.6,18206.0,28.6,369.0,11.4,50.9,80.6,18.5,9.5,1.45,51.0,73.1
AQI1845,Manila,Philippines,2024-02-14,13.86,58.9,24.1,87.1,4432.0,15.6,432.2,6.4,66.1,103.2,30.7,20.3,1.78,27.8,101.6
AQI1394,  Karachi  ,Pakistan,2024-02-13,15.59,72.9,19.0,88.0,1826.0,16.1,522.7,3.1,85.3,139.4,39.3,21.3,2.08,34.4,125.9
AQI2770,Kuala Lumpur,Malaysia,2024-01-20,8.48,52.2,55.3,93.6,11160.0,13.1,473.7,27.7,41.2,64.0,26.4,7.5,2.18,38.2,66.9
AQI1108,Beijing,China,2024-01-08,21.39,82.2,22.0,88.9,17964.0,12.3,481.5,12.6,82.7,136.0,34.1,20.8,2.75,36.0,122.9
AQI1350,Jakarta,Indonesia,2024-02-19,10.45,57.5,49.8,89.5,4903.0,18.6,401.2,15.7,52.0,86.6,34.0,12.8,1.87,21.7,74.6
AQI1525,Mexico City,Mexico,2024-01-25,22.38,57.0,35.7,88.2,11525.0,14.1,424.1,3.1,58.0,105.0,32.9,14.5,2.31,34.5,85.5
AQI1785,Bangkok,Thailand,2024-02-04,10.37,60.3,30.7,87.9,8306.0,23.6,556.5,1.0,59.5,93.3,33.7,14.9,2.33,17.6,83.4
AQI1048,Delhi,India,2024-02-17,20.19,77.8,33.4,94.3,2582.0,11.2,593.5,14.9,76.1,124.2,38.3,18.6,3.02,37.4,110.8
AQI1204,Lahore,Pakistan,2024-01-04,11.05,73.1,13.5,85.4,1687.0,22.3,511.7,11.1,59.0,93.1,32.3,18.4,2.77,54.7,93.5
AQI2316,Sydney,Australia,2024-01-16,5.88,29.5,47.0,94.6,56779.0,56.6,330.3,19.9,24.7,41.3,16.9,6.3,1.32,23.2,36.7
AQI2656,Riyadh,Saudi Arabia,2024-01-06,7.97,67.1,3.6,84.6,23083.0,32.3,440.6,1.0,75.7,118.7,33.0,19.6,2.0,45.7,116.4
AQI1022,Delhi,India,2024-01-22,20.19,77.8,33.4,94.3,2582.0,11.2,593.5,14.9,66.8,118.0,43.5,17.5,3.14,25.2,108.6
AQI1403,Cairo,Egypt,2024-01-03,20.65,62.5,7.3,82.7,4267.0,23.4,427.6,2.1,62.7,108.7,31.5,18.4,2.35,17.6,97.7
AQI2108,Berlin,Germany,2024-01-08,3.43,38.5,31.6,95.6,49941.0,49.6,423.3,25.5,46.3,72.9,24.6,1.0,2.38,50.2,68.8
AQI2155,Madrid,Spain,2024-01-05,6.87,37.2,33.1,92.5,33551.0,34.2,385.5,21.4,23.8,44.4,17.4,6.6,1.25,38.8,52.7
AQI2440,Hong Kong,China,2024-02-09,7.57,46.2,47.6,99.6,46494.0,47.0,437.9,37.1,28.1,45.1,26.3,8.7,2.09,33.9,46.5
AQI1990,Seoul,South Korea,2024-02-09,9.44,53.5,23.2,93.8,33071.0,41.4,409.7,5.8,51.2,80.0,16.9,13.2,1.42,37.0,76.8
AQI2866,Warsaw,Poland,2024-01-16,2.19,46.7,18.0,87.6,18206.0,28.6,369.0,11.4,56.8,89.8,16.6,9.2,1.43,37.7,83.9
AQI1742,Moscow,Russia,2024-02-11,12.52,51.6,49.7,92.2,14053.0,36.7,426.8,24.6,36.8,54.3,22.5,10.4,2.38,24.5,59.2
AQI2722,Tehran,Iran,2024-01-22,8.82,59.2,3.4,82.5,4984.0,11.8,391.7,6.0,49.5,77.1,29.0,14.3,2.1,44.6,79.4
AQI2311,Sydney,Australia,2024-01-11,5.88,29.5,47.0,94.6,56779.0,56.6,330.3,19.9,15.7,35.6,21.4,6.1,1.27,48.1,32.0
AQI2148,Berlin,Germany,2024-02-17,3.43,38.5,31.6,95.6,,49.6,423.3,25.5,32.8,49.4,21.5,11.9,1.04,33.1,43.4
AQI1034,Delhi,India,2024-02-03,20.19,77.8,33.4,94.3,2582.0,11.2,593.5,14.9,82.4,127.0,40.5,22.6,3.2,23.0,118.7
AQI1788,Bangkok,Thailand,2024-02-07,10.37,60.3,30.7,87.9,8306.0,23.6,556.5,1.0,53.4,83.3,32.9,17.7,2.26,7.1,87.1
AQI2541,Johannesburg,South Africa,2024-02-10,5.55,46.2,6.9,81.4,6932.0,19.9,394.8,1.0,64.3,104.3,20.5,14.2,1.27,48.9,85.2
AQI1924,tokyo,Japan,2024-01-24,37.17,38.7,66.7,94.3,39161.0,45.6,363.2,28.7,48.6,82.3,26.5,9.2,2.58,15.6,73.4
AQI2044,London,UK,2024-02-13,9.16,34.9,30.7,95.0,49864.0,50.8,434.4,21.7,45.4,78.3,18.6,2.7,2.04,34.4,76.0
AQI2930,Stockholm,Sweden,2024-01-30,1.81,26.2,69.9,97.7,60164.0,51.8,336.6,37.6,3.0,5.3,10.3,3.1,1.27,32.4,20.8
AQI2244,Rome,Italy,2024-02-13,4.27,37.2,32.0,92.7,35529.0,47.6,322.5,25.5,39.6,57.5,19.8,5.9,1.2,42.5,49.5
AQI2916,Stockholm,Sweden,2024-01-16,1.81,26.2,69.9,97.7,60164.0,51.8,336.6,37.6,15.5,24.8,6.6,5.4,1.02,25.0,36.9
AQI1580,Los Angeles,USA,2024-01-30,4.01,46.8,42.7,95.8,66782.0,47.0,384.8,40.7,39.8,63.4,29.0,9.8,1.52,43.5,61.2
AQI1482,Lagos,Nigeria,2024-02-01,14.99,59.0,26.1,84.5,3314.0,23.4,475.8,8.3,55.6,86.6,29.3,13.8,1.91,34.8,79.1
AQI1932,Tokyo,Japan,2024-02-01,37.17,38.7,66.7,94.3,39161.0,45.6,363.2,28.7,37.5,61.5,23.2,7.1,1.91,39.4,63.0
AQI1357,Karachi,Pakistan,2024-01-07,15.59,72.9,19.0,88.0,1826.0,16.1,522.7,3.1,48.1,76.9,39.1,22.9,2.35,38.0,74.3
AQI2686,Riyadh,Saudi Arabia,2024-02-05,7.97,67.1,3.6,84.6,23083.0,32.3,440.6,1.0,72.7,119.2,40.2,20.4,2.54,42.4,101.5
AQI2249,Rome,Italy,2024-02-18,4.27,37.2,32.0,92.7,35529.0,47.6,322.5,25.5,30.5,62.2,21.3,6.7,1.86,53.6,52.5
AQI1760,Bangkok,Thailand,2024-01-10,10.37,60.3,30.7,87.9,8306.0,23.6,556.5,1.0,50.5,75.6,29.1,17.6,2.36,21.9,85.5
AQI1093,Mumbai,India,2024-02-12,12.56,63.8,21.6,97.3,3190.0,17.5,511.8,4.8,65.4,101.3,33.0,15.5,2.21,37.8,94.2
AQI2176,MADRID,Spain,2024-01-26,6.87,37.2,33.1,92.5,33551.0,34.2,385.5,21.4,39.4,59.7,17.6,8.7,1.87,29.1,54.4
AQI2416,Hong Kong,China,2024-01-16,7.57,46.2,47.6,99.6,46494.0,47.0,437.9,37.1,20.6,39.1,17.9,8.6,2.1,26.7,35.0
AQI2342,Sydney,Australia,2024-02-11,5.88,29.5,47.0,94.6,56779.0,56.6,330.3,19.9,21.5,39.6,23.9,1.0,1.44,18.7,39.9
AQI2473,Nairobi,Kenya,2024-01-23,4.3,40.1,6.0,77.8,2023.0,15.4,453.8,10.3,53.5,88.3,23.2,13.7,1.64,46.2,75.4
AQI1804,Manila,Philippines,2024-01-04,13.86,58.9,24.1,87.1,4432.0,15.6,432.2,6.4,53.7,82.8,34.9,15.8,2.34,26.6,75.0
AQI1746,Moscow,Russia,2024-02-15,12.52,51.6,49.7,92.2,14053.0,36.7,426.8,24.6,40.1,61.1,23.4,10.1,2.24,22.0,64.1
AQI2547,Johannesburg,South Africa,2024-02-16,5.55,46.2,6.9,81.4,6932.0,19.9,394.8,1.0,56.8,81.1,18.0,12.7,1.57,40.9,75.7
AQI1280,Dhaka,Bangladesh,2024-01-30,20.95,68.2,20.6,89.0,2717.0,9.6,480.2,1.0,72.5,111.2,34.7,13.3,2.6,36.9,100.6
AQI2608,Santiago,Chile,2024-01-08,6.58,44.2,13.9,88.4,16282.0,29.7,374.4,1.0,38.0,60.5,30.4,10.2,1.94,46.4,60.6
AQI1765,Bangkok,Thailand,2024-01-15,10.37,60.3,30.7,87.9,8306.0,23.6,556.5,1.0,55.2,88.2,29.4,18.7,3.01,39.9,87.0
AQI1605,New York,USA,2024-01-05,8.5,42.2,36.0,94.8,74047.0,58.9,335.3,35.6,40.3,65.7,24.3,6.0,1.1,,49.5
AQI2985,Wellington,New Zealand,2024-02-04,0.45,20.1,31.4,86.7,48404.0,57.2,253.7,18.9,16.3,29.6,9.9,6.7,1.26,33.8,32.8
AQI2374,Singapore,Singapore,2024-01-24,5.42,54.4,23.4,100.0,72404.0,66.4,373.3,13.3,57.8,98.6,32.4,8.8,1.52,25.4,90.7
AQI2399,Singapore,Singapore,2024-02-18,5.42,54.4,23.4,100.0,72404.0,66.4,373.3,13.3,60.6,102.1,20.0,10.4,2.14,36.9,81.9
AQI1401,Cairo,Egypt,2024-01-01,20.65,62.5,7.3,82.7,4267.0,23.4,427.6,2.1,49.7,76.0,33.3,14.5,2.03,32.2,77.5
AQI2729,Tehran,IRAN,2024-01-29,8.82,59.2,3.4,82.5,4984.0,11.8,391.7,6.0,72.1,104.4,31.6,19.3,2.03,63.2,99.9
AQI1258,Dhaka,Bangladesh,2024-01-08,20.95,68.2,20.6,89.0,2717.0,9.6,480.2,1.0,60.8,103.1,38.4,17.0,3.07,25.0,99.8
AQI1945,Tokyo,Japan,2024-02-14,37.17,38.7,66.7,94.3,39161.0,45.6,363.2,28.7,39.7,62.4,28.0,11.0,1.23,34.1,71.2
AQI2876,Warsaw,Poland,2024-01-26,2.19,46.7,18.0,87.6,18206.0,28.6,369.0,11.4,50.5,76.9,28.0,12.7,1.82,24.6,80.1
AQI2097,Paris,France,2024-02-16,11.3,34.0,21.1,93.6,47249.0,52.6,349.0,10.9,,60.5,29.4,5.6,1.6,42.2,55.6
AQI2220,Rome,ITALY,2024-01-20,4.27,37.2,32.0,92.7,35529.0,47.6,322.5,25.5,20.0,22.5,15.8,7.8,1.36,50.0,26.6
AQI2508,Johannesburg,South Africa,2024-01-08,5.55,46.2,6.9,81.4,6932.0,19.9,394.8,1.0,50.7,81.3,29.7,10.8,1.92,41.9,76.8
AQI2880,Warsaw,Poland,2024-01-30,2.19,46.7,18.0,87.6,18206.0,28.6,369.0,11.4,51.6,87.1,22.6,10.5,,44.3,70.9
AQI2162,Madrid,Spain,2024-01-12,6.87,37.2,33.1,92.5,33551.0,34.2,385.5,21.4,32.7,40.3,13.5,13.2,2.08,35.7,58.6
AQI1495,Lagos,NIGERIA,2024-02-14,14.99,59.0,26.1,84.5,3314.0,23.4,475.8,8.3,64.1,101.6,33.0,19.6,2.55,25.3,102.3
AQI1773,Bangkok,Thailand,2024-01-23,10.37,60.3,30.7,87.9,8306.0,23.6,556.5,1.0,68.9,111.6,31.0,22.9,2.11,31.9,94.5
AQI1551,Los Angeles,USA,2024-01-01,4.01,46.8,42.7,95.8,66782.0,47.0,384.8,40.7,38.1,63.6,22.0,5.7,1.9,25.3,69.6
AQI2487,Nairobi,Kenya,2024-02-06,4.3,40.1,6.0,77.8,2023.0,15.4,453.8,10.3,66.9,105.8,17.5,11.7,2.34,42.5,92.3
AQI1202,Lahore,Pakistan,2024-01-02,11.05,73.1,13.5,85.4,1687.0,22.3,511.7,11.1,72.9,124.1,36.7,21.1,3.11,40.4,124.1
AQI1313,Jakarta,Indonesia,2024-01-13,10.45,57.5,49.8,89.5,4903.0,18.6,401.2,15.7,44.5,74.7,39.0,9.1,2.54,33.6,68.8
AQI1291,DHAKA,Bangladesh,2024-02-10,20.95,68.2,20.6,89.0,2717.0,9.6,480.2,1.0,75.1,117.4,36.3,20.7,2.1,13.9,104.0
AQI2214,Rome,Italy,2024-01-14,4.27,37.2,32.0,92.7,35529.0,47.6,322.5,25.5,35.8,60.5,18.4,7.1,1.7,58.7,49.8
AQI1764,Bangkok,Thailand,2024-01-14,10.37,60.3,30.7,87.9,8306.0,23.6,556.5,1.0,57.4,101.0,33.7,14.3,2.27,33.7,96.5
AQI2137,Berlin,Germany,2024-02-06,3.43,38.5,31.6,95.6,49941.0,49.6,423.3,25.5,32.1,55.0,12.2,8.5,1.46,27.9,41.6
AQI1950,Tokyo,Japan,2024-02-19,37.17,38.7,66.7,94.3,39161.0,45.6,363.2,28.7,44.8,80.9,34.4,5.1,2.24,20.5,66.6
AQI1184,Shanghai,China,2024-02-03,24.43,69.3,25.9,90.4,25603.0,34.8,461.9,5.5,75.0,120.1,30.7,14.5,,30.0,106.1
AQI2177,Madrid,Spain,2024-01-27,6.87,37.2,33.1,92.5,33551.0,34.2,385.5,21.4,43.7,69.7,24.3,5.1,1.05,29.7,58.8
AQI2849,Ho Chi Minh City,Vietnam,2024-02-18,9.59,55.0,39.4,81.4,4512.0,12.7,422.8,24.8,56.9,100.2,34.7,16.5,1.39,43.3,89.6
AQI2350,Sydney,Australia,2024-02-19,5.88,29.5,47.0,94.6,56779.0,56.6,330.3,19.9,26.2,41.6,17.7,2.6,1.38,27.0,47.4
AQI2728,Tehran,Iran,2024-01-28,8.82,59.2,3.4,82.5,4984.0,11.8,391.7,6.0,75.8,123.1,28.4,18.6,1.77,31.0,106.6
AQI2069,Paris,France,2024-01-19,11.3,34.0,21.1,93.6,47249.0,52.6,349.0,10.9,39.9,66.8,24.8,5.5,1.95,15.5,64.8
AQI2469,Nairobi,Kenya,2024-01-19,4.3,40.1,6.0,77.8,2023.0,15.4,453.8,10.3,45.8,80.9,13.7,17.3,1.63,40.6,59.3
AQI2812,HO CHI MINH CITY,Vietnam,2024-01-12,9.59,55.0,39.4,81.4,4512.0,12.7,422.8,24.8,49.5,86.0,32.1,16.3,1.7,39.3,72.7
AQI2031,London,UK,2024-01-31,9.16,34.9,30.7,95.0,49864.0,50.8,434.4,21.7,43.4,71.9,24.8,7.6,1.56,27.4,63.6
AQI1251,Dhaka,Bangladesh,2024-01-01,20.95,68.2,20.6,89.0,2717.0,9.6,480.2,1.0,74.3,119.1,45.8,18.8,2.32,21.8,100.4
AQI1824,Manila,Philippines,2024-01-24,13.86,58.9,24.1,87.1,4432.0,15.6,432.2,6.4,69.6,111.7,36.1,15.5,1.42,34.9,104.4
AQI2100,Paris,France,2024-02-19,11.3,34.0,21.1,93.6,47249.0,52.6,349.0,10.9,50.4,89.8,28.9,15.1,1.22,65.1,75.8
AQI2537,Johannesburg,South Africa,2024-02-06,5.55,46.2,6.9,81.4,6932.0,19.9,394.8,1.0,51.2,84.5,29.1,14.8,2.09,36.9,76.1
AQI1941,Tokyo,Japan,2024-02-10,37.17,38.7,66.7,94.3,39161.0,45.6,363.2,28.7,34.0,50.2,29.6,7.5,2.11,33.3,70.4
AQI1392,Karachi,Pakistan,2024-02-11,15.59,72.9,19.0,88.0,1826.0,16.1,522.7,3.1,99.9,161.9,32.5,19.8,2.13,36.3,132.9
AQI2920,Stockholm,SWEDEN,2024-01-20,1.81,26.2,69.9,97.7,60164.0,51.8,336.6,37.6,4.3,5.0,17.7,8.4,1.4,27.5,16.0
AQI2457,Nairobi,Kenya,2024-01-07,4.3,40.1,6.0,77.8,2023.0,15.4,453.8,10.3,54.8,87.4,22.7,11.5,1.3,35.6,85.6
AQI2093,Paris,France,2024-02-12,11.3,34.0,21.1,93.6,47249.0,52.6,349.0,10.9,48.6,82.8,16.9,7.4,1.78,48.5,71.2
AQI2192,Madrid,Spain,2024-02-11,6.87,37.2,33.1,92.5,33551.0,34.2,385.5,21.4,37.1,54.1,12.9,9.2,2.0,47.7,59.8
AQI1905,Tokyo,Japan,2024-01-05,37.17,38.7,66.7,94.3,39161.0,45.6,363.2,28.7,34.3,42.7,22.1,5.0,2.08,55.0,52.7
AQI1731,Moscow,Russia,2024-01-31,12.52,51.6,49.7,92.2,14053.0,36.7,426.8,24.6,56.6,93.6,22.2,10.4,2.1,53.2,76.6
AQI1555,Los Angeles,USA,2024-01-05,4.01,46.8,42.7,95.8,66782.0,47.0,384.8,40.7,37.3,60.8,25.9,13.9,1.92,23.1,66.5
AQI1367,Karachi,Pakistan,2024-01-17,15.59,72.9,19.0,88.0,1826.0,16.1,522.7,3.1,83.2,137.3,35.3,18.7,2.75,41.8,121.7
AQI1346,Jakarta,Indonesia,2024-02-15,10.45,57.5,49.8,89.5,4903.0,18.6,401.2,15.7,67.7,103.6,22.2,14.8,2.27,30.2,102.4
AQI2609,Santiago,Chile,2024-01-09,6.58,44.2,13.9,88.4,16282.0,29.7,374.4,1.0,59.9,78.3,16.6,8.3,1.45,41.3,80.7
AQI1536,Mexico City,Mexico,2024-02-05,22.38,57.0,35.7,88.2,11525.0,14.1,424.1,3.1,47.9,70.8,29.5,18.3,2.33,25.0,72.3
AQI2423,Hong Kong,China,2024-01-23,7.57,46.2,47.6,99.6,46494.0,47.0,437.9,37.1,26.0,35.1,25.5,15.5,1.63,30.2,50.2
AQI2210,Rome,Italy,2024-01-10,4.27,37.2,32.0,92.7,35529.0,47.6,322.5,25.5,47.0,73.2,23.3,4.2,1.23,39.0,70.8
AQI2373,Singapore,Singapore,2024-01-23,5.42,54.4,23.4,100.0,72404.0,66.4,373.3,13.3,53.3,81.4,21.5,9.4,1.75,33.0,86.6
AQI2640,Santiago,Chile,2024-02-09,6.58,44.2,13.9,88.4,16282.0,29.7,374.4,1.0,70.7,105.8,23.4,11.0,1.66,36.8,95.6
AQI1920,Tokyo,Japan,2024-01-20,37.17,38.7,66.7,94.3,39161.0,45.6,363.2,28.7,31.4,58.8,25.2,3.3,1.95,27.8,46.6
AQI1212,Lahore,Pakistan,2024-01-12,11.05,73.1,13.5,85.4,1687.0,22.3,511.7,11.1,76.2,115.7,45.8,23.8,2.77,35.7,108.8
AQI2604,Santiago,Chile,2024-01-04,6.58,44.2,13.9,88.4,16282.0,29.7,374.4,1.0,48.1,62.7,17.3,9.2,2.06,29.8,68.6
AQI1503,Mexico City,MEXICO,2024-01-03,22.38,57.0,35.7,88.2,11525.0,14.1,424.1,3.1,68.8,110.1,35.4,12.2,1.98,45.5,93.0
AQI1538,Mexico City,Mexico,2024-02-07,22.38,57.0,35.7,88.2,11525.0,14.1,424.1,3.1,56.0,88.6,24.3,13.0,2.36,47.6,78.0
AQI2221,rome,Italy,2024-01-21,4.27,37.2,32.0,92.7,35529.0,47.6,322.5,25.5,,55.7,19.6,9.8,2.05,28.3,49.7
AQI1176,Shanghai,China,2024-01-26,24.43,69.3,25.9,90.4,25603.0,34.8,461.9,5.5,72.1,111.1,36.9,19.4,2.58,41.5,101.5
